n_clusters,max_leaves,base_tree,max_nbr_values,max_nbr_values_cat,time,silhouette,calinski_harabasz,davies_bouldin,r_score,adj_rand,mut_info_score,adj_mutual_info_score,norm_mutual_info_score,homog_score,complete_score,v_msr_score,fwlks_mallows_score,alg,dataset
10,10,IMM,1000.0,100,0.3085570335388183,0.4406,2635.6121,0.7912,0.4409,0.1092,0.639,0.4336,0.4354,1.0,0.2782,0.4354,0.3907,ExKMC,cure-t0-2000n-2D_y.zip
10,10,IMM,1000.0,20,0.0156197547912597,0.4406,2635.6121,0.7912,0.4409,0.1092,0.639,0.4336,0.4354,1.0,0.2782,0.4354,0.3907,ExKMC,cure-t0-2000n-2D_y.zip
10,10,IMM,100.0,100,0.1094248294830322,0.4097,2380.8571,0.8269,0.4467,0.1158,0.639,0.4381,0.4399,1.0,0.2819,0.4399,0.4019,ExKMC,cure-t0-2000n-2D_y.zip
10,10,IMM,100.0,20,0.309983491897583,0.4406,2635.6121,0.7912,0.4409,0.1092,0.639,0.4336,0.4354,1.0,0.2782,0.4354,0.3907,ExKMC,cure-t0-2000n-2D_y.zip
10,10,IMM,inf,100,0.5496120452880859,0.4406,2635.6121,0.7912,0.4409,0.1092,0.639,0.4336,0.4354,1.0,0.2782,0.4354,0.3907,ExKMC,cure-t0-2000n-2D_y.zip
10,10,IMM,inf,20,0.3680200576782226,0.4406,2635.6121,0.7912,0.4409,0.1092,0.639,0.4336,0.4354,1.0,0.2782,0.4354,0.3907,ExKMC,cure-t0-2000n-2D_y.zip
10,10,NONE,1000.0,100,0.5417675971984863,0.3981,2081.3246,0.8997,0.4674,0.1398,0.639,0.4608,0.4624,1.0,0.3007,0.4624,0.4391,ExKMC,cure-t0-2000n-2D_y.zip
10,10,NONE,1000.0,20,0.6563732624053955,0.3981,2081.3246,0.8997,0.4674,0.1398,0.639,0.4608,0.4624,1.0,0.3007,0.4624,0.4391,ExKMC,cure-t0-2000n-2D_y.zip
10,10,NONE,100.0,100,0.285071849822998,0.3905,2144.809,0.8824,0.46,0.1312,0.639,0.456,0.4575,1.0,0.2966,0.4575,0.4261,ExKMC,cure-t0-2000n-2D_y.zip
10,10,NONE,100.0,20,0.6391572952270508,0.3981,2081.3246,0.8997,0.4674,0.1398,0.639,0.4608,0.4624,1.0,0.3007,0.4624,0.4391,ExKMC,cure-t0-2000n-2D_y.zip
10,10,NONE,inf,100,0.8418805599212646,0.3981,2081.3246,0.8997,0.4674,0.1398,0.639,0.4608,0.4624,1.0,0.3007,0.4624,0.4391,ExKMC,cure-t0-2000n-2D_y.zip
10,10,NONE,inf,20,0.4432494640350342,0.3981,2081.3246,0.8997,0.4674,0.1398,0.639,0.4608,0.4624,1.0,0.3007,0.4624,0.4391,ExKMC,cure-t0-2000n-2D_y.zip
10,12,IMM,1000.0,100,0.0163235664367675,0.4427,2676.7964,0.7827,0.4414,0.1097,0.639,0.4339,0.4357,1.0,0.2785,0.4357,0.3916,ExKMC,cure-t0-2000n-2D_y.zip
10,12,IMM,1000.0,20,0.2987346649169922,0.4427,2676.7964,0.7827,0.4414,0.1097,0.639,0.4339,0.4357,1.0,0.2785,0.4357,0.3916,ExKMC,cure-t0-2000n-2D_y.zip
10,12,IMM,100.0,100,0.6284799575805664,0.4344,2592.8784,0.7871,0.4445,0.1133,0.639,0.4361,0.4379,1.0,0.2803,0.4379,0.3977,ExKMC,cure-t0-2000n-2D_y.zip
10,12,IMM,100.0,20,0.7835333347320557,0.4427,2676.7964,0.7827,0.4414,0.1097,0.639,0.4339,0.4357,1.0,0.2785,0.4357,0.3916,ExKMC,cure-t0-2000n-2D_y.zip
10,12,IMM,inf,100,0.3235306739807129,0.4427,2676.7964,0.7827,0.4414,0.1097,0.639,0.4339,0.4357,1.0,0.2785,0.4357,0.3916,ExKMC,cure-t0-2000n-2D_y.zip
10,12,IMM,inf,20,0.6290569305419922,0.4427,2676.7964,0.7827,0.4414,0.1097,0.639,0.4339,0.4357,1.0,0.2785,0.4357,0.3916,ExKMC,cure-t0-2000n-2D_y.zip
10,12,NONE,1000.0,100,0.5165538787841797,0.4059,2371.6866,0.8487,0.4459,0.1149,0.639,0.4374,0.4391,1.0,0.2813,0.4391,0.4003,ExKMC,cure-t0-2000n-2D_y.zip
10,12,NONE,1000.0,20,0.3008711338043213,0.4059,2371.6866,0.8487,0.4459,0.1149,0.639,0.4374,0.4391,1.0,0.2813,0.4391,0.4003,ExKMC,cure-t0-2000n-2D_y.zip
10,12,NONE,100.0,100,0.7475922107696533,0.4089,2343.3625,0.7996,0.4444,0.1132,0.639,0.4366,0.4383,1.0,0.2807,0.4383,0.3975,ExKMC,cure-t0-2000n-2D_y.zip
10,12,NONE,100.0,20,0.4480829238891601,0.4059,2371.6866,0.8487,0.4459,0.1149,0.639,0.4374,0.4391,1.0,0.2813,0.4391,0.4003,ExKMC,cure-t0-2000n-2D_y.zip
10,12,NONE,inf,100,0.0260264873504638,0.4059,2371.6866,0.8487,0.4459,0.1149,0.639,0.4374,0.4391,1.0,0.2813,0.4391,0.4003,ExKMC,cure-t0-2000n-2D_y.zip
10,12,NONE,inf,20,0.7134144306182861,0.4059,2371.6866,0.8487,0.4459,0.1149,0.639,0.4374,0.4391,1.0,0.2813,0.4391,0.4003,ExKMC,cure-t0-2000n-2D_y.zip
12,12,IMM,1000.0,100,0.725135326385498,0.4249,2555.8866,0.803,0.4262,0.0926,0.639,0.4095,0.4116,1.0,0.2591,0.4116,0.3612,ExKMC,cure-t0-2000n-2D_y.zip
12,12,IMM,1000.0,20,0.830683708190918,0.4249,2555.8866,0.803,0.4262,0.0926,0.639,0.4095,0.4116,1.0,0.2591,0.4116,0.3612,ExKMC,cure-t0-2000n-2D_y.zip
12,12,IMM,100.0,100,0.7425103187561035,0.416,2573.1663,0.7702,0.4272,0.0936,0.639,0.4103,0.4124,1.0,0.2598,0.4124,0.3631,ExKMC,cure-t0-2000n-2D_y.zip
12,12,IMM,100.0,20,0.6284964084625244,0.4249,2555.8866,0.803,0.4262,0.0926,0.639,0.4095,0.4116,1.0,0.2591,0.4116,0.3612,ExKMC,cure-t0-2000n-2D_y.zip
12,12,IMM,inf,100,0.1595802307128906,0.4249,2555.8866,0.803,0.4262,0.0926,0.639,0.4095,0.4116,1.0,0.2591,0.4116,0.3612,ExKMC,cure-t0-2000n-2D_y.zip
12,12,IMM,inf,20,0.2813687324523926,0.4249,2555.8866,0.803,0.4262,0.0926,0.639,0.4095,0.4116,1.0,0.2591,0.4116,0.3612,ExKMC,cure-t0-2000n-2D_y.zip
12,12,NONE,1000.0,100,0.1190273761749267,0.3774,2098.7299,0.8367,0.4354,0.1004,0.5966,0.3989,0.401,0.9336,0.2553,0.401,0.3801,ExKMC,cure-t0-2000n-2D_y.zip
12,12,NONE,1000.0,20,0.3362743854522705,0.3774,2098.7299,0.8367,0.4354,0.1004,0.5966,0.3989,0.401,0.9336,0.2553,0.401,0.3801,ExKMC,cure-t0-2000n-2D_y.zip
12,12,NONE,100.0,100,0.1497633457183838,0.3906,2372.9485,0.8691,0.4325,0.0996,0.639,0.4144,0.4165,1.0,0.263,0.4165,0.374,ExKMC,cure-t0-2000n-2D_y.zip
12,12,NONE,100.0,20,1.0139639377593994,0.3774,2098.7299,0.8367,0.4354,0.1004,0.5966,0.3989,0.401,0.9336,0.2553,0.401,0.3801,ExKMC,cure-t0-2000n-2D_y.zip
12,12,NONE,inf,100,0.655029296875,0.3774,2098.7299,0.8367,0.4354,0.1004,0.5966,0.3989,0.401,0.9336,0.2553,0.401,0.3801,ExKMC,cure-t0-2000n-2D_y.zip
12,12,NONE,inf,20,0.7446088790893555,0.3774,2098.7299,0.8367,0.4354,0.1004,0.5966,0.3989,0.401,0.9336,0.2553,0.401,0.3801,ExKMC,cure-t0-2000n-2D_y.zip
2,10,IMM,1000.0,100,0.1850411891937255,0.3351,1051.0066,1.2678,0.5626,0.1253,0.1657,0.2482,0.2488,0.2593,0.2391,0.2488,0.6288,ExKMC,cure-t0-2000n-2D_y.zip
2,10,IMM,1000.0,20,0.2646481990814209,0.3351,1051.0066,1.2678,0.5626,0.1253,0.1657,0.2482,0.2488,0.2593,0.2391,0.2488,0.6288,ExKMC,cure-t0-2000n-2D_y.zip
2,10,IMM,100.0,100,0.5226888656616211,0.3302,1026.7536,1.2716,0.546,0.0918,0.1549,0.2321,0.2327,0.2424,0.2237,0.2327,0.6145,ExKMC,cure-t0-2000n-2D_y.zip
2,10,IMM,100.0,20,0.4115941524505615,0.3351,1051.0066,1.2678,0.5626,0.1253,0.1657,0.2482,0.2488,0.2593,0.2391,0.2488,0.6288,ExKMC,cure-t0-2000n-2D_y.zip
2,10,IMM,inf,100,0.5218164920806885,0.3351,1051.0066,1.2678,0.5626,0.1253,0.1657,0.2482,0.2488,0.2593,0.2391,0.2488,0.6288,ExKMC,cure-t0-2000n-2D_y.zip
2,10,IMM,inf,20,0.3959791660308838,0.3351,1051.0066,1.2678,0.5626,0.1253,0.1657,0.2482,0.2488,0.2593,0.2391,0.2488,0.6288,ExKMC,cure-t0-2000n-2D_y.zip
2,10,NONE,1000.0,100,0.6024808883666992,0.3351,1051.0066,1.2678,0.5626,0.1253,0.1657,0.2482,0.2488,0.2593,0.2391,0.2488,0.6288,ExKMC,cure-t0-2000n-2D_y.zip
2,10,NONE,1000.0,20,0.4903657436370849,0.3351,1051.0066,1.2678,0.5626,0.1253,0.1657,0.2482,0.2488,0.2593,0.2391,0.2488,0.6288,ExKMC,cure-t0-2000n-2D_y.zip
2,10,NONE,100.0,100,0.5591685771942139,0.3302,1040.8119,1.2501,0.5329,0.0643,0.1459,0.2188,0.2194,0.2282,0.2113,0.2194,0.6037,ExKMC,cure-t0-2000n-2D_y.zip
2,10,NONE,100.0,20,0.4468345642089844,0.3351,1051.0066,1.2678,0.5626,0.1253,0.1657,0.2482,0.2488,0.2593,0.2391,0.2488,0.6288,ExKMC,cure-t0-2000n-2D_y.zip
2,10,NONE,inf,100,0.3462305068969726,0.3291,1024.458,1.2674,0.5407,0.0807,0.1513,0.2268,0.2273,0.2367,0.2187,0.2273,0.6101,ExKMC,cure-t0-2000n-2D_y.zip
2,10,NONE,inf,20,0.1585891246795654,0.3351,1051.0066,1.2678,0.5626,0.1253,0.1657,0.2482,0.2488,0.2593,0.2391,0.2488,0.6288,ExKMC,cure-t0-2000n-2D_y.zip
2,12,IMM,1000.0,100,0.1139543056488037,0.3361,1053.5495,1.2631,0.557,0.1141,0.1621,0.2428,0.2434,0.2537,0.2339,0.2434,0.6239,ExKMC,cure-t0-2000n-2D_y.zip
2,12,IMM,1000.0,20,0.602043628692627,0.3361,1053.5495,1.2631,0.557,0.1141,0.1621,0.2428,0.2434,0.2537,0.2339,0.2434,0.6239,ExKMC,cure-t0-2000n-2D_y.zip
2,12,IMM,100.0,100,0.0185732841491699,0.3302,1026.7536,1.2716,0.546,0.0918,0.1549,0.2321,0.2327,0.2424,0.2237,0.2327,0.6145,ExKMC,cure-t0-2000n-2D_y.zip
2,12,IMM,100.0,20,0.098196268081665,0.3361,1053.3017,1.2629,0.5566,0.1133,0.1619,0.2424,0.243,0.2533,0.2335,0.243,0.6236,ExKMC,cure-t0-2000n-2D_y.zip
2,12,IMM,inf,100,0.429666519165039,0.3361,1053.5495,1.2631,0.557,0.1141,0.1621,0.2428,0.2434,0.2537,0.2339,0.2434,0.6239,ExKMC,cure-t0-2000n-2D_y.zip
2,12,IMM,inf,20,0.1359021663665771,0.3361,1053.5495,1.2631,0.557,0.1141,0.1621,0.2428,0.2434,0.2537,0.2339,0.2434,0.6239,ExKMC,cure-t0-2000n-2D_y.zip
2,12,NONE,1000.0,100,0.1471569538116455,0.3361,1053.5495,1.2631,0.557,0.1141,0.1621,0.2428,0.2434,0.2537,0.2339,0.2434,0.6239,ExKMC,cure-t0-2000n-2D_y.zip
2,12,NONE,1000.0,20,0.0970726013183593,0.3361,1053.5495,1.2631,0.557,0.1141,0.1621,0.2428,0.2434,0.2537,0.2339,0.2434,0.6239,ExKMC,cure-t0-2000n-2D_y.zip
2,12,NONE,100.0,100,0.6699872016906738,0.3363,1079.2964,1.2096,0.5184,0.0324,0.135,0.2032,0.2038,0.2112,0.1969,0.2038,0.5924,ExKMC,cure-t0-2000n-2D_y.zip
2,12,NONE,100.0,20,0.4937314987182617,0.3361,1053.5495,1.2631,0.557,0.1141,0.1621,0.2428,0.2434,0.2537,0.2339,0.2434,0.6239,ExKMC,cure-t0-2000n-2D_y.zip
2,12,NONE,inf,100,0.1027781963348388,0.3361,1053.5495,1.2631,0.557,0.1141,0.1621,0.2428,0.2434,0.2537,0.2339,0.2434,0.6239,ExKMC,cure-t0-2000n-2D_y.zip
2,12,NONE,inf,20,0.136061429977417,0.3361,1053.5495,1.2631,0.557,0.1141,0.1621,0.2428,0.2434,0.2537,0.2339,0.2434,0.6239,ExKMC,cure-t0-2000n-2D_y.zip
2,2,IMM,1000.0,100,0.0683887004852294,0.3587,1161.3974,1.1747,0.5301,0.0541,0.1413,0.2131,0.2137,0.221,0.2069,0.2137,0.6033,ExKMC,cure-t0-2000n-2D_y.zip
2,2,IMM,1000.0,20,0.3566644191741943,0.3587,1161.3974,1.1747,0.5301,0.0541,0.1413,0.2131,0.2137,0.221,0.2069,0.2137,0.6033,ExKMC,cure-t0-2000n-2D_y.zip
2,2,IMM,100.0,100,0.3176062107086181,0.354,1124.7177,1.1829,0.5392,0.0669,0.1436,0.2182,0.2188,0.2247,0.2132,0.2188,0.6135,ExKMC,cure-t0-2000n-2D_y.zip
2,2,IMM,100.0,20,0.5552356243133545,0.3587,1161.3974,1.1747,0.5301,0.0541,0.1413,0.2131,0.2137,0.221,0.2069,0.2137,0.6033,ExKMC,cure-t0-2000n-2D_y.zip
2,2,IMM,inf,100,0.3709778785705566,0.3587,1161.3974,1.1747,0.5301,0.0541,0.1413,0.2131,0.2137,0.221,0.2069,0.2137,0.6033,ExKMC,cure-t0-2000n-2D_y.zip
2,2,IMM,inf,20,0.4974374771118164,0.3587,1161.3974,1.1747,0.5301,0.0541,0.1413,0.2131,0.2137,0.221,0.2069,0.2137,0.6033,ExKMC,cure-t0-2000n-2D_y.zip
2,2,NONE,1000.0,100,0.4549391269683838,0.3587,1161.3974,1.1747,0.5301,0.0541,0.1413,0.2131,0.2137,0.221,0.2069,0.2137,0.6033,ExKMC,cure-t0-2000n-2D_y.zip
2,2,NONE,1000.0,20,0.3531439304351806,0.3587,1161.3974,1.1747,0.5301,0.0541,0.1413,0.2131,0.2137,0.221,0.2069,0.2137,0.6033,ExKMC,cure-t0-2000n-2D_y.zip
2,2,NONE,100.0,100,0.4941792488098144,0.3594,1168.3325,1.1739,0.528,0.0511,0.1407,0.2119,0.2125,0.2202,0.2054,0.2125,0.6009,ExKMC,cure-t0-2000n-2D_y.zip
2,2,NONE,100.0,20,0.5873441696166992,0.3587,1161.3974,1.1747,0.5301,0.0541,0.1413,0.2131,0.2137,0.221,0.2069,0.2137,0.6033,ExKMC,cure-t0-2000n-2D_y.zip
2,2,NONE,inf,100,0.5595390796661377,0.3587,1161.3974,1.1747,0.5301,0.0541,0.1413,0.2131,0.2137,0.221,0.2069,0.2137,0.6033,ExKMC,cure-t0-2000n-2D_y.zip
2,2,NONE,inf,20,0.4970822334289551,0.3587,1161.3974,1.1747,0.5301,0.0541,0.1413,0.2131,0.2137,0.221,0.2069,0.2137,0.6033,ExKMC,cure-t0-2000n-2D_y.zip
2,3,IMM,1000.0,100,0.4968280792236328,0.3226,975.6151,1.2658,0.5201,0.0362,0.1363,0.2051,0.2057,0.2133,0.1986,0.2057,0.5937,ExKMC,cure-t0-2000n-2D_y.zip
2,3,IMM,1000.0,20,0.2484736442565918,0.3226,975.6151,1.2658,0.5201,0.0362,0.1363,0.2051,0.2057,0.2133,0.1986,0.2057,0.5937,ExKMC,cure-t0-2000n-2D_y.zip
2,3,IMM,100.0,100,0.6280522346496582,0.3173,953.3082,1.2922,0.5257,0.0486,0.1406,0.2112,0.2118,0.22,0.2042,0.2118,0.5979,ExKMC,cure-t0-2000n-2D_y.zip
2,3,IMM,100.0,20,0.537999153137207,0.3226,975.6151,1.2658,0.5201,0.0362,0.1363,0.2051,0.2057,0.2133,0.1986,0.2057,0.5937,ExKMC,cure-t0-2000n-2D_y.zip
2,3,IMM,inf,100,0.3545420169830322,0.3226,975.6151,1.2658,0.5201,0.0362,0.1363,0.2051,0.2057,0.2133,0.1986,0.2057,0.5937,ExKMC,cure-t0-2000n-2D_y.zip
2,3,IMM,inf,20,0.1094136238098144,0.3226,975.6151,1.2658,0.5201,0.0362,0.1363,0.2051,0.2057,0.2133,0.1986,0.2057,0.5937,ExKMC,cure-t0-2000n-2D_y.zip
2,3,NONE,1000.0,100,0.5236532688140869,0.3226,975.6151,1.2658,0.5201,0.0362,0.1363,0.2051,0.2057,0.2133,0.1986,0.2057,0.5937,ExKMC,cure-t0-2000n-2D_y.zip
2,3,NONE,1000.0,20,0.3032939434051513,0.3226,975.6151,1.2658,0.5201,0.0362,0.1363,0.2051,0.2057,0.2133,0.1986,0.2057,0.5937,ExKMC,cure-t0-2000n-2D_y.zip
2,3,NONE,100.0,100,0.6427428722381592,0.322,974.6099,1.259,0.5162,0.0273,0.1332,0.2007,0.2013,0.2085,0.1946,0.2013,0.5908,ExKMC,cure-t0-2000n-2D_y.zip
2,3,NONE,100.0,20,0.5149524211883545,0.3226,975.6151,1.2658,0.5201,0.0362,0.1363,0.2051,0.2057,0.2133,0.1986,0.2057,0.5937,ExKMC,cure-t0-2000n-2D_y.zip
2,3,NONE,inf,100,0.5012290477752686,0.3226,975.6151,1.2658,0.5201,0.0362,0.1363,0.2051,0.2057,0.2133,0.1986,0.2057,0.5937,ExKMC,cure-t0-2000n-2D_y.zip
2,3,NONE,inf,20,0.4761748313903808,0.3226,975.6151,1.2658,0.5201,0.0362,0.1363,0.2051,0.2057,0.2133,0.1986,0.2057,0.5937,ExKMC,cure-t0-2000n-2D_y.zip
2,4,IMM,1000.0,100,0.4886322021484375,0.324,1005.4944,1.2834,0.5446,0.0888,0.1539,0.2307,0.2312,0.2409,0.2223,0.2312,0.6133,ExKMC,cure-t0-2000n-2D_y.zip
2,4,IMM,1000.0,20,0.5417320728302002,0.324,1005.4944,1.2834,0.5446,0.0888,0.1539,0.2307,0.2312,0.2409,0.2223,0.2312,0.6133,ExKMC,cure-t0-2000n-2D_y.zip
2,4,IMM,100.0,100,0.6056420803070068,0.3218,994.0583,1.2938,0.5464,0.0926,0.1552,0.2325,0.233,0.2428,0.224,0.233,0.6149,ExKMC,cure-t0-2000n-2D_y.zip
2,4,IMM,100.0,20,0.6094987392425537,0.324,1005.4944,1.2834,0.5446,0.0888,0.1539,0.2307,0.2312,0.2409,0.2223,0.2312,0.6133,ExKMC,cure-t0-2000n-2D_y.zip
2,4,IMM,inf,100,0.486738920211792,0.324,1005.4944,1.2834,0.5446,0.0888,0.1539,0.2307,0.2312,0.2409,0.2223,0.2312,0.6133,ExKMC,cure-t0-2000n-2D_y.zip
2,4,IMM,inf,20,0.1847040653228759,0.324,1005.4944,1.2834,0.5446,0.0888,0.1539,0.2307,0.2312,0.2409,0.2223,0.2312,0.6133,ExKMC,cure-t0-2000n-2D_y.zip
2,4,NONE,1000.0,100,0.4328958988189697,0.324,1005.4944,1.2834,0.5446,0.0888,0.1539,0.2307,0.2312,0.2409,0.2223,0.2312,0.6133,ExKMC,cure-t0-2000n-2D_y.zip
2,4,NONE,1000.0,20,0.2945623397827148,0.324,1005.4944,1.2834,0.5446,0.0888,0.1539,0.2307,0.2312,0.2409,0.2223,0.2312,0.6133,ExKMC,cure-t0-2000n-2D_y.zip
2,4,NONE,100.0,100,0.4412915706634521,0.3233,1006.3254,1.2815,0.5428,0.0851,0.1527,0.2289,0.2295,0.239,0.2207,0.2295,0.6118,ExKMC,cure-t0-2000n-2D_y.zip
2,4,NONE,100.0,20,0.1294806003570556,0.324,1005.4944,1.2834,0.5446,0.0888,0.1539,0.2307,0.2312,0.2409,0.2223,0.2312,0.6133,ExKMC,cure-t0-2000n-2D_y.zip
2,4,NONE,inf,100,0.3485286235809326,0.324,1005.4944,1.2834,0.5446,0.0888,0.1539,0.2307,0.2312,0.2409,0.2223,0.2312,0.6133,ExKMC,cure-t0-2000n-2D_y.zip
2,4,NONE,inf,20,0.3818542957305908,0.324,1005.4944,1.2834,0.5446,0.0888,0.1539,0.2307,0.2312,0.2409,0.2223,0.2312,0.6133,ExKMC,cure-t0-2000n-2D_y.zip
2,6,IMM,1000.0,100,0.3377158641815185,0.3294,1025.0975,1.2662,0.54,0.0793,0.1508,0.2261,0.2266,0.236,0.218,0.2266,0.6095,ExKMC,cure-t0-2000n-2D_y.zip
2,6,IMM,1000.0,20,0.504791259765625,0.3294,1025.0975,1.2662,0.54,0.0793,0.1508,0.2261,0.2266,0.236,0.218,0.2266,0.6095,ExKMC,cure-t0-2000n-2D_y.zip
2,6,IMM,100.0,100,0.1779325008392334,0.3295,1021.6195,1.2759,0.5471,0.0941,0.1556,0.2332,0.2338,0.2436,0.2247,0.2338,0.6155,ExKMC,cure-t0-2000n-2D_y.zip
2,6,IMM,100.0,20,0.1603119373321533,0.3294,1025.0975,1.2662,0.54,0.0793,0.1508,0.2261,0.2266,0.236,0.218,0.2266,0.6095,ExKMC,cure-t0-2000n-2D_y.zip
2,6,IMM,inf,100,0.3067450523376465,0.3294,1025.0975,1.2662,0.54,0.0793,0.1508,0.2261,0.2266,0.236,0.218,0.2266,0.6095,ExKMC,cure-t0-2000n-2D_y.zip
2,6,IMM,inf,20,0.2654449939727783,0.3294,1025.0975,1.2662,0.54,0.0793,0.1508,0.2261,0.2266,0.236,0.218,0.2266,0.6095,ExKMC,cure-t0-2000n-2D_y.zip
2,6,NONE,1000.0,100,0.4970197677612304,0.3294,1025.0975,1.2662,0.54,0.0793,0.1508,0.2261,0.2266,0.236,0.218,0.2266,0.6095,ExKMC,cure-t0-2000n-2D_y.zip
2,6,NONE,1000.0,20,0.550072431564331,0.3294,1025.0975,1.2662,0.54,0.0793,0.1508,0.2261,0.2266,0.236,0.218,0.2266,0.6095,ExKMC,cure-t0-2000n-2D_y.zip
2,6,NONE,100.0,100,0.3310434818267822,0.3291,1028.2384,1.2624,0.5379,0.0749,0.1494,0.224,0.2246,0.2338,0.2161,0.2246,0.6078,ExKMC,cure-t0-2000n-2D_y.zip
2,6,NONE,100.0,20,0.5159866809844971,0.3294,1025.0975,1.2662,0.54,0.0793,0.1508,0.2261,0.2266,0.236,0.218,0.2266,0.6095,ExKMC,cure-t0-2000n-2D_y.zip
2,6,NONE,inf,100,0.2085046768188476,0.3294,1025.0975,1.2662,0.54,0.0793,0.1508,0.2261,0.2266,0.236,0.218,0.2266,0.6095,ExKMC,cure-t0-2000n-2D_y.zip
2,6,NONE,inf,20,0.5904767513275146,0.3294,1025.0975,1.2662,0.54,0.0793,0.1508,0.2261,0.2266,0.236,0.218,0.2266,0.6095,ExKMC,cure-t0-2000n-2D_y.zip
2,8,IMM,1000.0,100,0.2512578964233398,0.3291,1024.458,1.2674,0.5407,0.0807,0.1513,0.2268,0.2273,0.2367,0.2187,0.2273,0.6101,ExKMC,cure-t0-2000n-2D_y.zip
2,8,IMM,1000.0,20,0.0142078399658203,0.3291,1024.458,1.2674,0.5407,0.0807,0.1513,0.2268,0.2273,0.2367,0.2187,0.2273,0.6101,ExKMC,cure-t0-2000n-2D_y.zip
2,8,IMM,100.0,100,0.1552610397338867,0.3294,1021.5478,1.2763,0.5475,0.0948,0.1559,0.2335,0.2341,0.2439,0.2251,0.2341,0.6158,ExKMC,cure-t0-2000n-2D_y.zip
2,8,IMM,100.0,20,0.1120164394378662,0.3291,1024.458,1.2674,0.5407,0.0807,0.1513,0.2268,0.2273,0.2367,0.2187,0.2273,0.6101,ExKMC,cure-t0-2000n-2D_y.zip
2,8,IMM,inf,100,0.3700051307678222,0.3291,1024.458,1.2674,0.5407,0.0807,0.1513,0.2268,0.2273,0.2367,0.2187,0.2273,0.6101,ExKMC,cure-t0-2000n-2D_y.zip
2,8,IMM,inf,20,0.0213525295257568,0.3291,1024.458,1.2674,0.5407,0.0807,0.1513,0.2268,0.2273,0.2367,0.2187,0.2273,0.6101,ExKMC,cure-t0-2000n-2D_y.zip
2,8,NONE,1000.0,100,0.6144347190856934,0.3291,1024.458,1.2674,0.5407,0.0807,0.1513,0.2268,0.2273,0.2367,0.2187,0.2273,0.6101,ExKMC,cure-t0-2000n-2D_y.zip
2,8,NONE,1000.0,20,0.5238032341003418,0.3291,1024.458,1.2674,0.5407,0.0807,0.1513,0.2268,0.2273,0.2367,0.2187,0.2273,0.6101,ExKMC,cure-t0-2000n-2D_y.zip
2,8,NONE,100.0,100,0.5655736923217773,0.3289,1027.8706,1.2631,0.5383,0.0757,0.1496,0.2243,0.2249,0.2341,0.2164,0.2249,0.6081,ExKMC,cure-t0-2000n-2D_y.zip
2,8,NONE,100.0,20,0.4462840557098388,0.3291,1024.458,1.2674,0.5407,0.0807,0.1513,0.2268,0.2273,0.2367,0.2187,0.2273,0.6101,ExKMC,cure-t0-2000n-2D_y.zip
2,8,NONE,inf,100,0.3580212593078613,0.3291,1024.458,1.2674,0.5407,0.0807,0.1513,0.2268,0.2273,0.2367,0.2187,0.2273,0.6101,ExKMC,cure-t0-2000n-2D_y.zip
2,8,NONE,inf,20,0.2057812213897705,0.3291,1024.458,1.2674,0.5407,0.0807,0.1513,0.2268,0.2273,0.2367,0.2187,0.2273,0.6101,ExKMC,cure-t0-2000n-2D_y.zip
4,10,IMM,1000.0,100,0.4500083923339844,0.4232,1871.8553,0.7857,0.5796,0.2609,0.4343,0.4438,0.4446,0.6797,0.3304,0.4446,0.6046,ExKMC,cure-t0-2000n-2D_y.zip
4,10,IMM,1000.0,20,0.6233012676239014,0.4232,1871.8553,0.7857,0.5796,0.2609,0.4343,0.4438,0.4446,0.6797,0.3304,0.4446,0.6046,ExKMC,cure-t0-2000n-2D_y.zip
4,10,IMM,100.0,100,0.5365302562713623,0.3875,1899.3193,0.8996,0.501,0.1391,0.3563,0.3513,0.3523,0.5576,0.2575,0.3523,0.5059,ExKMC,cure-t0-2000n-2D_y.zip
4,10,IMM,100.0,20,0.5640766620635986,0.4232,1871.8553,0.7857,0.5796,0.2609,0.4343,0.4438,0.4446,0.6797,0.3304,0.4446,0.6046,ExKMC,cure-t0-2000n-2D_y.zip
4,10,IMM,inf,100,0.1355791091918945,0.4232,1871.8553,0.7857,0.5796,0.2609,0.4343,0.4438,0.4446,0.6797,0.3304,0.4446,0.6046,ExKMC,cure-t0-2000n-2D_y.zip
4,10,IMM,inf,20,0.3719143867492676,0.4232,1871.8553,0.7857,0.5796,0.2609,0.4343,0.4438,0.4446,0.6797,0.3304,0.4446,0.6046,ExKMC,cure-t0-2000n-2D_y.zip
4,10,NONE,1000.0,100,0.089836835861206,0.4235,1870.7761,0.7822,0.5811,0.2633,0.4364,0.4462,0.4471,0.6829,0.3324,0.4471,0.6064,ExKMC,cure-t0-2000n-2D_y.zip
4,10,NONE,1000.0,20,0.5779094696044922,0.4235,1870.7761,0.7822,0.5811,0.2633,0.4364,0.4462,0.4471,0.6829,0.3324,0.4471,0.6064,ExKMC,cure-t0-2000n-2D_y.zip
4,10,NONE,100.0,100,0.606642484664917,0.3741,1815.8082,0.8516,0.4753,0.0932,0.3111,0.3075,0.3085,0.4868,0.2258,0.3085,0.4752,ExKMC,cure-t0-2000n-2D_y.zip
4,10,NONE,100.0,20,0.3615503311157226,0.4235,1870.7761,0.7822,0.5811,0.2633,0.4364,0.4462,0.4471,0.6829,0.3324,0.4471,0.6064,ExKMC,cure-t0-2000n-2D_y.zip
4,10,NONE,inf,100,0.4110457897186279,0.4235,1870.7761,0.7822,0.5811,0.2633,0.4364,0.4462,0.4471,0.6829,0.3324,0.4471,0.6064,ExKMC,cure-t0-2000n-2D_y.zip
4,10,NONE,inf,20,0.5538513660430908,0.4235,1870.7761,0.7822,0.5811,0.2633,0.4364,0.4462,0.4471,0.6829,0.3324,0.4471,0.6064,ExKMC,cure-t0-2000n-2D_y.zip
4,12,IMM,1000.0,100,0.5760176181793213,0.4231,1873.0617,0.7889,0.5784,0.2591,0.4328,0.442,0.4428,0.6773,0.3289,0.4428,0.6032,ExKMC,cure-t0-2000n-2D_y.zip
4,12,IMM,1000.0,20,0.4894919395446777,0.4232,1871.8553,0.7857,0.5796,0.2609,0.4343,0.4438,0.4446,0.6797,0.3304,0.4446,0.6046,ExKMC,cure-t0-2000n-2D_y.zip
4,12,IMM,100.0,100,0.5520639419555664,0.3891,1909.577,0.8951,0.4995,0.1365,0.3535,0.3486,0.3495,0.5531,0.2555,0.3495,0.5042,ExKMC,cure-t0-2000n-2D_y.zip
4,12,IMM,100.0,20,0.4180507659912109,0.4232,1871.8553,0.7857,0.5796,0.2609,0.4343,0.4438,0.4446,0.6797,0.3304,0.4446,0.6046,ExKMC,cure-t0-2000n-2D_y.zip
4,12,IMM,inf,100,0.528165340423584,0.4231,1873.0617,0.7889,0.5784,0.2591,0.4328,0.442,0.4428,0.6773,0.3289,0.4428,0.6032,ExKMC,cure-t0-2000n-2D_y.zip
4,12,IMM,inf,20,0.6153392791748047,0.4231,1873.0617,0.7889,0.5784,0.2591,0.4328,0.442,0.4428,0.6773,0.3289,0.4428,0.6032,ExKMC,cure-t0-2000n-2D_y.zip
4,12,NONE,1000.0,100,0.2809698581695556,0.4234,1871.9814,0.7854,0.58,0.2615,0.4349,0.4444,0.4453,0.6805,0.3309,0.4453,0.6051,ExKMC,cure-t0-2000n-2D_y.zip
4,12,NONE,1000.0,20,0.4336574077606201,0.4234,1871.9814,0.7854,0.58,0.2615,0.4349,0.4444,0.4453,0.6805,0.3309,0.4453,0.6051,ExKMC,cure-t0-2000n-2D_y.zip
4,12,NONE,100.0,100,0.2723031044006347,0.3826,1853.503,0.855,0.4743,0.092,0.3111,0.3072,0.3082,0.4868,0.2255,0.3082,0.4737,ExKMC,cure-t0-2000n-2D_y.zip
4,12,NONE,100.0,20,0.1101689338684082,0.4234,1871.9814,0.7854,0.58,0.2615,0.4349,0.4444,0.4453,0.6805,0.3309,0.4453,0.6051,ExKMC,cure-t0-2000n-2D_y.zip
4,12,NONE,inf,100,0.1447227001190185,0.4234,1871.9814,0.7854,0.58,0.2615,0.4349,0.4444,0.4453,0.6805,0.3309,0.4453,0.6051,ExKMC,cure-t0-2000n-2D_y.zip
4,12,NONE,inf,20,0.4232327938079834,0.4234,1871.9814,0.7854,0.58,0.2615,0.4349,0.4444,0.4453,0.6805,0.3309,0.4453,0.6051,ExKMC,cure-t0-2000n-2D_y.zip
4,4,IMM,1000.0,100,0.5314648151397705,0.4198,1866.2525,0.7893,0.5746,0.2531,0.4278,0.436,0.4369,0.6695,0.3242,0.4369,0.5986,ExKMC,cure-t0-2000n-2D_y.zip
4,4,IMM,1000.0,20,0.6142170429229736,0.4198,1866.2525,0.7893,0.5746,0.2531,0.4278,0.436,0.4369,0.6695,0.3242,0.4369,0.5986,ExKMC,cure-t0-2000n-2D_y.zip
4,4,IMM,100.0,100,0.5862994194030762,0.3866,1858.4253,0.9669,0.5161,0.1653,0.3861,0.3808,0.3817,0.6042,0.279,0.3817,0.5245,ExKMC,cure-t0-2000n-2D_y.zip
4,4,IMM,100.0,20,0.5847330093383789,0.4198,1866.2525,0.7893,0.5746,0.2531,0.4278,0.436,0.4369,0.6695,0.3242,0.4369,0.5986,ExKMC,cure-t0-2000n-2D_y.zip
4,4,IMM,inf,100,0.574171781539917,0.4198,1866.2525,0.7893,0.5746,0.2531,0.4278,0.436,0.4369,0.6695,0.3242,0.4369,0.5986,ExKMC,cure-t0-2000n-2D_y.zip
4,4,IMM,inf,20,0.1512329578399658,0.4198,1866.2525,0.7893,0.5746,0.2531,0.4278,0.436,0.4369,0.6695,0.3242,0.4369,0.5986,ExKMC,cure-t0-2000n-2D_y.zip
4,4,NONE,1000.0,100,0.2039291858673095,0.4208,1866.8109,0.7851,0.5773,0.2573,0.4313,0.4402,0.4411,0.675,0.3275,0.4411,0.6018,ExKMC,cure-t0-2000n-2D_y.zip
4,4,NONE,1000.0,20,0.3368608951568603,0.4208,1866.8109,0.7851,0.5773,0.2573,0.4313,0.4402,0.4411,0.675,0.3275,0.4411,0.6018,ExKMC,cure-t0-2000n-2D_y.zip
4,4,NONE,100.0,100,0.4041707515716553,0.3056,1458.1639,0.9875,0.4747,0.079,0.2778,0.2822,0.2833,0.4346,0.2102,0.2833,0.4821,ExKMC,cure-t0-2000n-2D_y.zip
4,4,NONE,100.0,20,0.1560513973236084,0.4208,1866.8109,0.7851,0.5773,0.2573,0.4313,0.4402,0.4411,0.675,0.3275,0.4411,0.6018,ExKMC,cure-t0-2000n-2D_y.zip
4,4,NONE,inf,100,0.1358540058135986,0.4208,1866.8109,0.7851,0.5773,0.2573,0.4313,0.4402,0.4411,0.675,0.3275,0.4411,0.6018,ExKMC,cure-t0-2000n-2D_y.zip
4,4,NONE,inf,20,0.3387997150421142,0.4208,1866.8109,0.7851,0.5773,0.2573,0.4313,0.4402,0.4411,0.675,0.3275,0.4411,0.6018,ExKMC,cure-t0-2000n-2D_y.zip
4,6,IMM,1000.0,100,0.578740119934082,0.4222,1869.3486,0.7869,0.5784,0.2591,0.4328,0.442,0.4428,0.6773,0.329,0.4428,0.6032,ExKMC,cure-t0-2000n-2D_y.zip
4,6,IMM,1000.0,20,0.317857027053833,0.4222,1869.3486,0.7869,0.5784,0.2591,0.4328,0.442,0.4428,0.6773,0.329,0.4428,0.6032,ExKMC,cure-t0-2000n-2D_y.zip
4,6,IMM,100.0,100,0.091160774230957,0.3822,1878.0704,0.9133,0.5009,0.1384,0.3542,0.3496,0.3506,0.5543,0.2564,0.3506,0.5061,ExKMC,cure-t0-2000n-2D_y.zip
4,6,IMM,100.0,20,0.3567829132080078,0.4222,1869.3486,0.7869,0.5784,0.2591,0.4328,0.442,0.4428,0.6773,0.329,0.4428,0.6032,ExKMC,cure-t0-2000n-2D_y.zip
4,6,IMM,inf,100,0.3309609889984131,0.4222,1869.3486,0.7869,0.5784,0.2591,0.4328,0.442,0.4428,0.6773,0.329,0.4428,0.6032,ExKMC,cure-t0-2000n-2D_y.zip
4,6,IMM,inf,20,0.6263656616210938,0.4222,1869.3486,0.7869,0.5784,0.2591,0.4328,0.442,0.4428,0.6773,0.329,0.4428,0.6032,ExKMC,cure-t0-2000n-2D_y.zip
4,6,NONE,1000.0,100,0.2558920383453369,0.4221,1868.8495,0.7838,0.5792,0.2603,0.4339,0.4432,0.4441,0.679,0.3299,0.4441,0.6041,ExKMC,cure-t0-2000n-2D_y.zip
4,6,NONE,1000.0,20,0.1511197090148925,0.4221,1868.8495,0.7838,0.5792,0.2603,0.4339,0.4432,0.4441,0.679,0.3299,0.4441,0.6041,ExKMC,cure-t0-2000n-2D_y.zip
4,6,NONE,100.0,100,0.4403836727142334,0.3735,1747.9025,0.8769,0.4639,0.0726,0.2937,0.2907,0.2917,0.4596,0.2137,0.2917,0.462,ExKMC,cure-t0-2000n-2D_y.zip
4,6,NONE,100.0,20,0.124258279800415,0.4221,1868.8495,0.7838,0.5792,0.2603,0.4339,0.4432,0.4441,0.679,0.3299,0.4441,0.6041,ExKMC,cure-t0-2000n-2D_y.zip
4,6,NONE,inf,100,0.0516157150268554,0.4221,1868.8495,0.7838,0.5792,0.2603,0.4339,0.4432,0.4441,0.679,0.3299,0.4441,0.6041,ExKMC,cure-t0-2000n-2D_y.zip
4,6,NONE,inf,20,0.2650043964385986,0.4221,1868.8495,0.7838,0.5792,0.2603,0.4339,0.4432,0.4441,0.679,0.3299,0.4441,0.6041,ExKMC,cure-t0-2000n-2D_y.zip
4,8,IMM,1000.0,100,0.4968290328979492,0.4219,1869.9271,0.7872,0.5776,0.2579,0.4318,0.4408,0.4416,0.6757,0.328,0.4416,0.6023,ExKMC,cure-t0-2000n-2D_y.zip
4,8,IMM,1000.0,20,0.0160419940948486,0.4219,1869.9271,0.7872,0.5776,0.2579,0.4318,0.4408,0.4416,0.6757,0.328,0.4416,0.6023,ExKMC,cure-t0-2000n-2D_y.zip
4,8,IMM,100.0,100,0.4396398067474365,0.3828,1866.6935,0.898,0.4993,0.1364,0.3542,0.349,0.35,0.5543,0.2558,0.35,0.5037,ExKMC,cure-t0-2000n-2D_y.zip
4,8,IMM,100.0,20,0.4665577411651611,0.4219,1869.9271,0.7872,0.5776,0.2579,0.4318,0.4408,0.4416,0.6757,0.328,0.4416,0.6023,ExKMC,cure-t0-2000n-2D_y.zip
4,8,IMM,inf,100,0.5002813339233398,0.4219,1869.9271,0.7872,0.5776,0.2579,0.4318,0.4408,0.4416,0.6757,0.328,0.4416,0.6023,ExKMC,cure-t0-2000n-2D_y.zip
4,8,IMM,inf,20,0.3009727001190185,0.4219,1869.9271,0.7872,0.5776,0.2579,0.4318,0.4408,0.4416,0.6757,0.328,0.4416,0.6023,ExKMC,cure-t0-2000n-2D_y.zip
4,8,NONE,1000.0,100,0.4724273681640625,0.4221,1868.8495,0.7838,0.5792,0.2603,0.4339,0.4432,0.4441,0.679,0.3299,0.4441,0.6041,ExKMC,cure-t0-2000n-2D_y.zip
4,8,NONE,1000.0,20,0.2242686748504638,0.4221,1868.8495,0.7838,0.5792,0.2603,0.4339,0.4432,0.4441,0.679,0.3299,0.4441,0.6041,ExKMC,cure-t0-2000n-2D_y.zip
4,8,NONE,100.0,100,0.6226048469543457,0.3796,1831.0189,0.8726,0.4742,0.0918,0.3111,0.3071,0.3082,0.4868,0.2254,0.3082,0.4735,ExKMC,cure-t0-2000n-2D_y.zip
4,8,NONE,100.0,20,0.1232402324676513,0.4221,1868.8495,0.7838,0.5792,0.2603,0.4339,0.4432,0.4441,0.679,0.3299,0.4441,0.6041,ExKMC,cure-t0-2000n-2D_y.zip
4,8,NONE,inf,100,0.0691173076629638,0.4221,1868.8495,0.7838,0.5792,0.2603,0.4339,0.4432,0.4441,0.679,0.3299,0.4441,0.6041,ExKMC,cure-t0-2000n-2D_y.zip
4,8,NONE,inf,20,0.5003330707550049,0.4221,1868.8495,0.7838,0.5792,0.2603,0.4339,0.4432,0.4441,0.679,0.3299,0.4441,0.6041,ExKMC,cure-t0-2000n-2D_y.zip
6,10,IMM,1000.0,100,0.6676506996154785,0.4666,2301.9724,0.6802,0.5182,0.1996,0.6118,0.5121,0.5131,0.9574,0.3504,0.5131,0.5194,ExKMC,cure-t0-2000n-2D_y.zip
6,10,IMM,1000.0,20,0.8465309143066406,0.4666,2301.9724,0.6802,0.5182,0.1996,0.6118,0.5121,0.5131,0.9574,0.3504,0.5131,0.5194,ExKMC,cure-t0-2000n-2D_y.zip
6,10,IMM,100.0,100,0.455765962600708,0.4701,2292.884,0.6833,0.5214,0.2049,0.639,0.5353,0.5363,1.0,0.3664,0.5363,0.5241,ExKMC,cure-t0-2000n-2D_y.zip
6,10,IMM,100.0,20,0.6122052669525146,0.4666,2301.9724,0.6802,0.5182,0.1996,0.6118,0.5121,0.5131,0.9574,0.3504,0.5131,0.5194,ExKMC,cure-t0-2000n-2D_y.zip
6,10,IMM,inf,100,0.669795036315918,0.4666,2301.9724,0.6802,0.5182,0.1996,0.6118,0.5121,0.5131,0.9574,0.3504,0.5131,0.5194,ExKMC,cure-t0-2000n-2D_y.zip
6,10,IMM,inf,20,0.1867284774780273,0.4666,2301.9724,0.6802,0.5182,0.1996,0.6118,0.5121,0.5131,0.9574,0.3504,0.5131,0.5194,ExKMC,cure-t0-2000n-2D_y.zip
6,10,NONE,1000.0,100,0.0485155582427978,0.4669,2298.0166,0.6844,0.5179,0.1992,0.6111,0.5114,0.5124,0.9564,0.3499,0.5124,0.519,ExKMC,cure-t0-2000n-2D_y.zip
6,10,NONE,1000.0,20,0.4154889583587646,0.4669,2298.0166,0.6844,0.5179,0.1992,0.6111,0.5114,0.5124,0.9564,0.3499,0.5124,0.519,ExKMC,cure-t0-2000n-2D_y.zip
6,10,NONE,100.0,100,0.4011077880859375,0.4705,2288.9815,0.6919,0.5206,0.2039,0.639,0.5349,0.5359,1.0,0.366,0.5359,0.5229,ExKMC,cure-t0-2000n-2D_y.zip
6,10,NONE,100.0,20,0.2595393657684326,0.4669,2298.0166,0.6844,0.5179,0.1992,0.6111,0.5114,0.5124,0.9564,0.3499,0.5124,0.519,ExKMC,cure-t0-2000n-2D_y.zip
6,10,NONE,inf,100,0.6848475933074951,0.4669,2298.0166,0.6844,0.5179,0.1992,0.6111,0.5114,0.5124,0.9564,0.3499,0.5124,0.519,ExKMC,cure-t0-2000n-2D_y.zip
6,10,NONE,inf,20,0.7175107002258301,0.4669,2298.0166,0.6844,0.5179,0.1992,0.6111,0.5114,0.5124,0.9564,0.3499,0.5124,0.519,ExKMC,cure-t0-2000n-2D_y.zip
6,12,IMM,1000.0,100,0.7158255577087402,0.4691,2321.8288,0.6763,0.5183,0.1997,0.6118,0.5121,0.5131,0.9574,0.3505,0.5131,0.5196,ExKMC,cure-t0-2000n-2D_y.zip
6,12,IMM,1000.0,20,0.1565873622894287,0.4691,2321.8288,0.6763,0.5183,0.1997,0.6118,0.5121,0.5131,0.9574,0.3505,0.5131,0.5196,ExKMC,cure-t0-2000n-2D_y.zip
6,12,IMM,100.0,100,0.4240479469299316,0.4704,2299.035,0.6809,0.5216,0.2051,0.639,0.5355,0.5364,1.0,0.3665,0.5364,0.5244,ExKMC,cure-t0-2000n-2D_y.zip
6,12,IMM,100.0,20,0.6514475345611572,0.4691,2321.8288,0.6763,0.5183,0.1997,0.6118,0.5121,0.5131,0.9574,0.3505,0.5131,0.5196,ExKMC,cure-t0-2000n-2D_y.zip
6,12,IMM,inf,100,0.351698637008667,0.4691,2321.8288,0.6763,0.5183,0.1997,0.6118,0.5121,0.5131,0.9574,0.3505,0.5131,0.5196,ExKMC,cure-t0-2000n-2D_y.zip
6,12,IMM,inf,20,0.554755449295044,0.4691,2321.8288,0.6763,0.5183,0.1997,0.6118,0.5121,0.5131,0.9574,0.3505,0.5131,0.5196,ExKMC,cure-t0-2000n-2D_y.zip
6,12,NONE,1000.0,100,0.7406854629516602,0.469,2312.3815,0.6842,0.5175,0.1988,0.6111,0.5111,0.5122,0.9564,0.3497,0.5122,0.5184,ExKMC,cure-t0-2000n-2D_y.zip
6,12,NONE,1000.0,20,0.2559080123901367,0.469,2312.3815,0.6842,0.5175,0.1988,0.6111,0.5111,0.5122,0.9564,0.3497,0.5122,0.5184,ExKMC,cure-t0-2000n-2D_y.zip
6,12,NONE,100.0,100,0.3332488536834717,0.4711,2295.3745,0.6899,0.5206,0.2038,0.639,0.5349,0.5359,1.0,0.366,0.5359,0.5229,ExKMC,cure-t0-2000n-2D_y.zip
6,12,NONE,100.0,20,0.0635557174682617,0.469,2312.3815,0.6842,0.5175,0.1988,0.6111,0.5111,0.5122,0.9564,0.3497,0.5122,0.5184,ExKMC,cure-t0-2000n-2D_y.zip
6,12,NONE,inf,100,0.521812915802002,0.469,2312.3815,0.6842,0.5175,0.1988,0.6111,0.5111,0.5122,0.9564,0.3497,0.5122,0.5184,ExKMC,cure-t0-2000n-2D_y.zip
6,12,NONE,inf,20,0.7408359050750732,0.469,2312.3815,0.6842,0.5175,0.1988,0.6111,0.5111,0.5122,0.9564,0.3497,0.5122,0.5184,ExKMC,cure-t0-2000n-2D_y.zip
6,6,IMM,1000.0,100,0.7085576057434082,0.4681,2267.0426,0.6677,0.524,0.2081,0.639,0.5368,0.5377,1.0,0.3677,0.5377,0.5278,ExKMC,cure-t0-2000n-2D_y.zip
6,6,IMM,1000.0,20,0.4662535190582275,0.4681,2267.0426,0.6677,0.524,0.2081,0.639,0.5368,0.5377,1.0,0.3677,0.5377,0.5278,ExKMC,cure-t0-2000n-2D_y.zip
6,6,IMM,100.0,100,0.1577346324920654,0.4652,2252.5795,0.6782,0.5229,0.2067,0.639,0.5362,0.5372,1.0,0.3672,0.5372,0.5263,ExKMC,cure-t0-2000n-2D_y.zip
6,6,IMM,100.0,20,0.4092257022857666,0.4681,2267.0426,0.6677,0.524,0.2081,0.639,0.5368,0.5377,1.0,0.3677,0.5377,0.5278,ExKMC,cure-t0-2000n-2D_y.zip
6,6,IMM,inf,100,0.011214256286621,0.4681,2267.0426,0.6677,0.524,0.2081,0.639,0.5368,0.5377,1.0,0.3677,0.5377,0.5278,ExKMC,cure-t0-2000n-2D_y.zip
6,6,IMM,inf,20,0.5007123947143555,0.4681,2267.0426,0.6677,0.524,0.2081,0.639,0.5368,0.5377,1.0,0.3677,0.5377,0.5278,ExKMC,cure-t0-2000n-2D_y.zip
6,6,NONE,1000.0,100,0.6351819038391113,0.4207,1597.6239,0.8678,0.5744,0.2722,0.6354,0.5894,0.5901,0.9943,0.4196,0.5901,0.5958,ExKMC,cure-t0-2000n-2D_y.zip
6,6,NONE,1000.0,20,0.2683596611022949,0.4207,1597.6239,0.8678,0.5744,0.2722,0.6354,0.5894,0.5901,0.9943,0.4196,0.5901,0.5958,ExKMC,cure-t0-2000n-2D_y.zip
6,6,NONE,100.0,100,0.2573788166046142,0.3528,1465.0624,0.8035,0.546,0.2357,0.639,0.5499,0.5509,1.0,0.3801,0.5509,0.5585,ExKMC,cure-t0-2000n-2D_y.zip
6,6,NONE,100.0,20,0.6620733737945557,0.4207,1597.6239,0.8678,0.5744,0.2722,0.6354,0.5894,0.5901,0.9943,0.4196,0.5901,0.5958,ExKMC,cure-t0-2000n-2D_y.zip
6,6,NONE,inf,100,0.5181522369384766,0.4207,1597.6239,0.8678,0.5744,0.2722,0.6354,0.5894,0.5901,0.9943,0.4196,0.5901,0.5958,ExKMC,cure-t0-2000n-2D_y.zip
6,6,NONE,inf,20,0.6044466495513916,0.4207,1597.6239,0.8678,0.5744,0.2722,0.6354,0.5894,0.5901,0.9943,0.4196,0.5901,0.5958,ExKMC,cure-t0-2000n-2D_y.zip
6,8,IMM,1000.0,100,0.1684217453002929,0.4679,2303.9345,0.6773,0.5186,0.2001,0.6118,0.5123,0.5133,0.9574,0.3506,0.5133,0.52,ExKMC,cure-t0-2000n-2D_y.zip
6,8,IMM,1000.0,20,0.2142627239227295,0.4679,2303.9345,0.6773,0.5186,0.2001,0.6118,0.5123,0.5133,0.9574,0.3506,0.5133,0.52,ExKMC,cure-t0-2000n-2D_y.zip
6,8,IMM,100.0,100,0.3830630779266357,0.4693,2285.2097,0.6828,0.5215,0.205,0.639,0.5354,0.5364,1.0,0.3665,0.5364,0.5243,ExKMC,cure-t0-2000n-2D_y.zip
6,8,IMM,100.0,20,0.7850840091705322,0.4679,2303.9345,0.6773,0.5186,0.2001,0.6118,0.5123,0.5133,0.9574,0.3506,0.5133,0.52,ExKMC,cure-t0-2000n-2D_y.zip
6,8,IMM,inf,100,0.4295074939727783,0.4679,2303.9345,0.6773,0.5186,0.2001,0.6118,0.5123,0.5133,0.9574,0.3506,0.5133,0.52,ExKMC,cure-t0-2000n-2D_y.zip
6,8,IMM,inf,20,0.7238643169403076,0.4679,2303.9345,0.6773,0.5186,0.2001,0.6118,0.5123,0.5133,0.9574,0.3506,0.5133,0.52,ExKMC,cure-t0-2000n-2D_y.zip
6,8,NONE,1000.0,100,0.5258352756500244,0.4673,2267.2268,0.6758,0.5225,0.2061,0.6356,0.5333,0.5343,0.9947,0.3652,0.5343,0.5257,ExKMC,cure-t0-2000n-2D_y.zip
6,8,NONE,1000.0,20,0.3415658473968506,0.4673,2267.2268,0.6758,0.5225,0.2061,0.6356,0.5333,0.5343,0.9947,0.3652,0.5343,0.5257,ExKMC,cure-t0-2000n-2D_y.zip
6,8,NONE,100.0,100,0.5504927635192871,0.4695,2278.4041,0.6875,0.5209,0.2042,0.639,0.5351,0.536,1.0,0.3662,0.536,0.5234,ExKMC,cure-t0-2000n-2D_y.zip
6,8,NONE,100.0,20,0.671236515045166,0.4673,2267.2268,0.6758,0.5225,0.2061,0.6356,0.5333,0.5343,0.9947,0.3652,0.5343,0.5257,ExKMC,cure-t0-2000n-2D_y.zip
6,8,NONE,inf,100,0.7818069458007812,0.4673,2267.2268,0.6758,0.5225,0.2061,0.6356,0.5333,0.5343,0.9947,0.3652,0.5343,0.5257,ExKMC,cure-t0-2000n-2D_y.zip
6,8,NONE,inf,20,0.1172201633453369,0.4673,2267.2268,0.6758,0.5225,0.2061,0.6356,0.5333,0.5343,0.9947,0.3652,0.5343,0.5257,ExKMC,cure-t0-2000n-2D_y.zip
8,10,IMM,1000.0,100,1.394629955291748,0.4499,2583.161,0.7253,0.4683,0.1408,0.639,0.4712,0.4726,1.0,0.3094,0.4726,0.4406,ExKMC,cure-t0-2000n-2D_y.zip
8,10,IMM,1000.0,20,1.0981950759887695,0.4499,2583.161,0.7253,0.4683,0.1408,0.639,0.4712,0.4726,1.0,0.3094,0.4726,0.4406,ExKMC,cure-t0-2000n-2D_y.zip
8,10,IMM,100.0,100,0.665839433670044,0.4471,2553.0434,0.7121,0.4697,0.1425,0.639,0.4722,0.4736,1.0,0.3102,0.4736,0.4431,ExKMC,cure-t0-2000n-2D_y.zip
8,10,IMM,100.0,20,1.6270670890808103,0.4499,2583.161,0.7253,0.4683,0.1408,0.639,0.4712,0.4726,1.0,0.3094,0.4726,0.4406,ExKMC,cure-t0-2000n-2D_y.zip
8,10,IMM,inf,100,0.8848361968994141,0.4499,2583.161,0.7253,0.4683,0.1408,0.639,0.4712,0.4726,1.0,0.3094,0.4726,0.4406,ExKMC,cure-t0-2000n-2D_y.zip
8,10,IMM,inf,20,0.2305736541748047,0.4499,2583.161,0.7253,0.4683,0.1408,0.639,0.4712,0.4726,1.0,0.3094,0.4726,0.4406,ExKMC,cure-t0-2000n-2D_y.zip
8,10,NONE,1000.0,100,0.8475949764251709,0.3468,1963.9961,0.7765,0.4756,0.1442,0.5695,0.4328,0.4343,0.8913,0.2871,0.4343,0.4535,ExKMC,cure-t0-2000n-2D_y.zip
8,10,NONE,1000.0,20,0.1244597434997558,0.3468,1963.9961,0.7765,0.4756,0.1442,0.5695,0.4328,0.4343,0.8913,0.2871,0.4343,0.4535,ExKMC,cure-t0-2000n-2D_y.zip
8,10,NONE,100.0,100,0.7766618728637695,0.3828,2143.5275,0.796,0.4818,0.1568,0.639,0.48,0.4814,1.0,0.317,0.4814,0.4633,ExKMC,cure-t0-2000n-2D_y.zip
8,10,NONE,100.0,20,0.9939017295837402,0.3468,1963.9961,0.7765,0.4756,0.1442,0.5695,0.4328,0.4343,0.8913,0.2871,0.4343,0.4535,ExKMC,cure-t0-2000n-2D_y.zip
8,10,NONE,inf,100,1.3325691223144531,0.3468,1963.9961,0.7765,0.4756,0.1442,0.5695,0.4328,0.4343,0.8913,0.2871,0.4343,0.4535,ExKMC,cure-t0-2000n-2D_y.zip
8,10,NONE,inf,20,1.391906976699829,0.3468,1963.9961,0.7765,0.4756,0.1442,0.5695,0.4328,0.4343,0.8913,0.2871,0.4343,0.4535,ExKMC,cure-t0-2000n-2D_y.zip
8,12,IMM,1000.0,100,0.6352138519287109,0.4516,2613.8142,0.7286,0.4679,0.1404,0.639,0.471,0.4723,1.0,0.3092,0.4723,0.4399,ExKMC,cure-t0-2000n-2D_y.zip
8,12,IMM,1000.0,20,1.3526570796966553,0.4516,2613.8142,0.7286,0.4679,0.1404,0.639,0.471,0.4723,1.0,0.3092,0.4723,0.4399,ExKMC,cure-t0-2000n-2D_y.zip
8,12,IMM,100.0,100,0.6606688499450684,0.4502,2597.0706,0.7235,0.4679,0.1404,0.639,0.4709,0.4723,1.0,0.3092,0.4723,0.4399,ExKMC,cure-t0-2000n-2D_y.zip
8,12,IMM,100.0,20,0.9541826248168944,0.4516,2613.8142,0.7286,0.4679,0.1404,0.639,0.471,0.4723,1.0,0.3092,0.4723,0.4399,ExKMC,cure-t0-2000n-2D_y.zip
8,12,IMM,inf,100,0.7822811603546143,0.4516,2613.8142,0.7286,0.4679,0.1404,0.639,0.471,0.4723,1.0,0.3092,0.4723,0.4399,ExKMC,cure-t0-2000n-2D_y.zip
8,12,IMM,inf,20,1.0069406032562256,0.4516,2613.8142,0.7286,0.4679,0.1404,0.639,0.471,0.4723,1.0,0.3092,0.4723,0.4399,ExKMC,cure-t0-2000n-2D_y.zip
8,12,NONE,1000.0,100,1.743300437927246,0.4134,2321.092,0.7679,0.4765,0.1505,0.639,0.4775,0.4789,1.0,0.3149,0.4789,0.4545,ExKMC,cure-t0-2000n-2D_y.zip
8,12,NONE,1000.0,20,0.5111262798309326,0.4134,2321.092,0.7679,0.4765,0.1505,0.639,0.4775,0.4789,1.0,0.3149,0.4789,0.4545,ExKMC,cure-t0-2000n-2D_y.zip
8,12,NONE,100.0,100,0.6270816326141357,0.4185,2366.1904,0.7826,0.4724,0.1457,0.639,0.4742,0.4755,1.0,0.3119,0.4755,0.4477,ExKMC,cure-t0-2000n-2D_y.zip
8,12,NONE,100.0,20,1.3398151397705078,0.4134,2321.092,0.7679,0.4765,0.1505,0.639,0.4775,0.4789,1.0,0.3149,0.4789,0.4545,ExKMC,cure-t0-2000n-2D_y.zip
8,12,NONE,inf,100,0.7972605228424072,0.4134,2321.092,0.7679,0.4765,0.1505,0.639,0.4775,0.4789,1.0,0.3149,0.4789,0.4545,ExKMC,cure-t0-2000n-2D_y.zip
8,12,NONE,inf,20,1.2677412033081057,0.4134,2321.092,0.7679,0.4765,0.1505,0.639,0.4775,0.4789,1.0,0.3149,0.4789,0.4545,ExKMC,cure-t0-2000n-2D_y.zip
8,8,IMM,1000.0,100,1.5925545692443848,0.4466,2501.958,0.7449,0.4677,0.1402,0.639,0.4709,0.4722,1.0,0.3091,0.4722,0.4397,ExKMC,cure-t0-2000n-2D_y.zip
8,8,IMM,1000.0,20,1.0801177024841309,0.4466,2501.958,0.7449,0.4677,0.1402,0.639,0.4709,0.4722,1.0,0.3091,0.4722,0.4397,ExKMC,cure-t0-2000n-2D_y.zip
8,8,IMM,100.0,100,0.5773642063140869,0.4435,2496.593,0.727,0.4695,0.1422,0.639,0.472,0.4734,1.0,0.3101,0.4734,0.4427,ExKMC,cure-t0-2000n-2D_y.zip
8,8,IMM,100.0,20,1.0604493618011477,0.4466,2501.958,0.7449,0.4677,0.1402,0.639,0.4709,0.4722,1.0,0.3091,0.4722,0.4397,ExKMC,cure-t0-2000n-2D_y.zip
8,8,IMM,inf,100,0.903331995010376,0.4466,2501.958,0.7449,0.4677,0.1402,0.639,0.4709,0.4722,1.0,0.3091,0.4722,0.4397,ExKMC,cure-t0-2000n-2D_y.zip
8,8,IMM,inf,20,0.3390369415283203,0.4466,2501.958,0.7449,0.4677,0.1402,0.639,0.4709,0.4722,1.0,0.3091,0.4722,0.4397,ExKMC,cure-t0-2000n-2D_y.zip
8,8,NONE,1000.0,100,0.6586349010467529,0.3356,1674.5036,0.9017,0.4987,0.1719,0.5695,0.4563,0.4577,0.8913,0.3079,0.4577,0.4904,ExKMC,cure-t0-2000n-2D_y.zip
8,8,NONE,1000.0,20,0.9139597415924072,0.3356,1674.5036,0.9017,0.4987,0.1719,0.5695,0.4563,0.4577,0.8913,0.3079,0.4577,0.4904,ExKMC,cure-t0-2000n-2D_y.zip
8,8,NONE,100.0,100,0.3950552940368652,0.3875,1975.5811,0.9005,0.4785,0.1468,0.5625,0.4392,0.4406,0.8802,0.2938,0.4406,0.4584,ExKMC,cure-t0-2000n-2D_y.zip
8,8,NONE,100.0,20,0.9454936981201172,0.3356,1674.5036,0.9017,0.4987,0.1719,0.5695,0.4563,0.4577,0.8913,0.3079,0.4577,0.4904,ExKMC,cure-t0-2000n-2D_y.zip
8,8,NONE,inf,100,0.4586436748504638,0.3356,1674.5036,0.9017,0.4987,0.1719,0.5695,0.4563,0.4577,0.8913,0.3079,0.4577,0.4904,ExKMC,cure-t0-2000n-2D_y.zip
8,8,NONE,inf,20,1.9227845668792725,0.3356,1674.5036,0.9017,0.4987,0.1719,0.5695,0.4563,0.4577,0.8913,0.3079,0.4577,0.4904,ExKMC,cure-t0-2000n-2D_y.zip
