eps,min_samples,metric,algorithm,n_jobs,max_nbr_values,max_nbr_values_cat,time,silhouette,calinski_harabasz,davies_bouldin,r_score,adj_rand,mut_info_score,adj_mutual_info_score,norm_mutual_info_score,homog_score,complete_score,v_msr_score,fwlks_mallows_score,alg,dataset
0.1,10,correlation,auto,4,1000.0,100,0.0112586021423339,0.0742,40.3699,2.1233,0.5566,0.123,0.2342,0.2871,0.2896,0.3587,0.2429,0.2896,0.5445,skl_DBSCAN,ionosphere_y.zip
0.1,10,correlation,auto,4,1000.0,20,0.0141770839691162,0.0742,40.3699,2.1233,0.5566,0.123,0.2342,0.2871,0.2896,0.3587,0.2429,0.2896,0.5445,skl_DBSCAN,ionosphere_y.zip
0.1,10,correlation,auto,4,100.0,100,0.005777359008789,0.0772,40.5655,2.1261,0.5586,0.1272,0.2367,0.2898,0.2924,0.3626,0.2449,0.2924,0.5458,skl_DBSCAN,ionosphere_y.zip
0.1,10,correlation,auto,4,100.0,20,0.0056149959564208,0.0742,40.3699,2.1233,0.5566,0.123,0.2342,0.2871,0.2896,0.3587,0.2429,0.2896,0.5445,skl_DBSCAN,ionosphere_y.zip
0.1,10,correlation,auto,4,20.0,20,0.0163929462432861,0.0682,39.9449,2.1264,0.5525,0.1145,0.2291,0.2817,0.2842,0.351,0.2388,0.2842,0.5418,skl_DBSCAN,ionosphere_y.zip
0.1,10,correlation,auto,4,inf,100,0.0197150707244873,0.0742,40.3699,2.1233,0.5566,0.123,0.2342,0.2871,0.2896,0.3587,0.2429,0.2896,0.5445,skl_DBSCAN,ionosphere_y.zip
0.1,10,correlation,auto,4,inf,20,0.0238294601440429,0.0742,40.3699,2.1233,0.5566,0.123,0.2342,0.2871,0.2896,0.3587,0.2429,0.2896,0.5445,skl_DBSCAN,ionosphere_y.zip
0.1,10,cosine,auto,4,1000.0,100,0.0177810192108154,-0.0087,27.4481,2.392,0.5825,0.1821,0.2767,0.3067,0.3101,0.4238,0.2446,0.3101,0.5475,skl_DBSCAN,ionosphere_y.zip
0.1,10,cosine,auto,4,1000.0,20,0.0221657752990722,-0.0087,27.4481,2.392,0.5825,0.1821,0.2767,0.3067,0.3101,0.4238,0.2446,0.3101,0.5475,skl_DBSCAN,ionosphere_y.zip
0.1,10,cosine,auto,4,100.0,100,0.0189106464385986,-0.0067,27.8653,2.3718,0.5828,0.1827,0.2766,0.3068,0.3102,0.4237,0.2447,0.3102,0.548,skl_DBSCAN,ionosphere_y.zip
0.1,10,cosine,auto,4,100.0,20,0.0114312171936035,-0.0087,27.4481,2.392,0.5825,0.1821,0.2767,0.3067,0.3101,0.4238,0.2446,0.3101,0.5475,skl_DBSCAN,ionosphere_y.zip
0.1,10,cosine,auto,4,20.0,20,0.0127816200256347,-0.0131,27.4398,2.3617,0.5783,0.1735,0.2709,0.301,0.3044,0.4149,0.2404,0.3044,0.544,skl_DBSCAN,ionosphere_y.zip
0.1,10,cosine,auto,4,inf,100,0.0171179771423339,-0.0087,27.4481,2.392,0.5825,0.1821,0.2767,0.3067,0.3101,0.4238,0.2446,0.3101,0.5475,skl_DBSCAN,ionosphere_y.zip
0.1,10,cosine,auto,4,inf,20,0.0108654499053955,-0.0087,27.4481,2.392,0.5825,0.1821,0.2767,0.3067,0.3101,0.4238,0.2446,0.3101,0.5475,skl_DBSCAN,ionosphere_y.zip
0.1,10,euclidean,auto,4,1000.0,100,0.001617431640625,0.0,0.0,0.0,0.5385,0.0,0.0,0.0,0.0,0.0,1.0,0.0,0.7338,skl_DBSCAN,ionosphere_y.zip
0.1,10,euclidean,auto,4,1000.0,20,0.0016613006591796,0.0,0.0,0.0,0.5385,0.0,0.0,0.0,0.0,0.0,1.0,0.0,0.7338,skl_DBSCAN,ionosphere_y.zip
0.1,10,euclidean,auto,4,100.0,100,0.0016372203826904,0.0,0.0,0.0,0.5385,0.0,0.0,0.0,0.0,0.0,1.0,0.0,0.7338,skl_DBSCAN,ionosphere_y.zip
0.1,10,euclidean,auto,4,100.0,20,0.001619815826416,0.0,0.0,0.0,0.5385,0.0,0.0,0.0,0.0,0.0,1.0,0.0,0.7338,skl_DBSCAN,ionosphere_y.zip
0.1,10,euclidean,auto,4,20.0,20,0.0160822868347167,0.0,0.0,0.0,0.5385,0.0,0.0,0.0,0.0,0.0,1.0,0.0,0.7338,skl_DBSCAN,ionosphere_y.zip
0.1,10,euclidean,auto,4,inf,100,0.0506808757781982,0.0,0.0,0.0,0.5385,0.0,0.0,0.0,0.0,0.0,1.0,0.0,0.7338,skl_DBSCAN,ionosphere_y.zip
0.1,10,euclidean,auto,4,inf,20,0.0075984001159667,0.0,0.0,0.0,0.5385,0.0,0.0,0.0,0.0,0.0,1.0,0.0,0.7338,skl_DBSCAN,ionosphere_y.zip
0.1,2,correlation,auto,4,1000.0,100,0.0096073150634765,-0.2291,10.8741,1.9344,0.5609,0.1404,0.2715,0.2764,0.2871,0.416,0.2192,0.2871,0.5218,skl_DBSCAN,ionosphere_y.zip
0.1,2,correlation,auto,4,1000.0,20,0.0131092071533203,-0.2291,10.8741,1.9344,0.5609,0.1404,0.2715,0.2764,0.2871,0.416,0.2192,0.2871,0.5218,skl_DBSCAN,ionosphere_y.zip
0.1,2,correlation,auto,4,100.0,100,0.005305528640747,-0.2291,10.8741,1.9344,0.5609,0.1404,0.2715,0.2764,0.2871,0.416,0.2192,0.2871,0.5218,skl_DBSCAN,ionosphere_y.zip
0.1,2,correlation,auto,4,100.0,20,0.0056166648864746,-0.2291,10.8741,1.9344,0.5609,0.1404,0.2715,0.2764,0.2871,0.416,0.2192,0.2871,0.5218,skl_DBSCAN,ionosphere_y.zip
0.1,2,correlation,auto,4,20.0,20,0.0088834762573242,-0.233,11.0509,1.8911,0.5588,0.1353,0.2738,0.2818,0.2925,0.4194,0.2246,0.2925,0.5224,skl_DBSCAN,ionosphere_y.zip
0.1,2,correlation,auto,4,inf,100,0.0189940929412841,-0.2291,10.8741,1.9344,0.5609,0.1404,0.2715,0.2764,0.2871,0.416,0.2192,0.2871,0.5218,skl_DBSCAN,ionosphere_y.zip
0.1,2,correlation,auto,4,inf,20,0.0264763832092285,-0.2291,10.8741,1.9344,0.5609,0.1404,0.2715,0.2764,0.2871,0.416,0.2192,0.2871,0.5218,skl_DBSCAN,ionosphere_y.zip
0.1,2,cosine,auto,4,1000.0,100,0.0055792331695556,-0.3477,3.9828,3.1216,0.6852,0.3758,0.2932,0.3628,0.3696,0.4492,0.3139,0.3696,0.6829,skl_DBSCAN,ionosphere_y.zip
0.1,2,cosine,auto,4,1000.0,20,0.0122032165527343,-0.3477,3.9828,3.1216,0.6852,0.3758,0.2932,0.3628,0.3696,0.4492,0.3139,0.3696,0.6829,skl_DBSCAN,ionosphere_y.zip
0.1,2,cosine,auto,4,100.0,100,0.0131449699401855,-0.3477,3.9828,3.1216,0.6852,0.3758,0.2932,0.3628,0.3696,0.4492,0.3139,0.3696,0.6829,skl_DBSCAN,ionosphere_y.zip
0.1,2,cosine,auto,4,100.0,20,0.0099527835845947,-0.3477,3.9828,3.1216,0.6852,0.3758,0.2932,0.3628,0.3696,0.4492,0.3139,0.3696,0.6829,skl_DBSCAN,ionosphere_y.zip
0.1,2,cosine,auto,4,20.0,20,0.0222115516662597,-0.1122,4.8549,3.0742,0.6801,0.3651,0.2843,0.36,0.3655,0.4355,0.3149,0.3655,0.6792,skl_DBSCAN,ionosphere_y.zip
0.1,2,cosine,auto,4,inf,100,0.0217471122741699,-0.3477,3.9828,3.1216,0.6852,0.3758,0.2932,0.3628,0.3696,0.4492,0.3139,0.3696,0.6829,skl_DBSCAN,ionosphere_y.zip
0.1,2,cosine,auto,4,inf,20,0.0227174758911132,-0.3477,3.9828,3.1216,0.6852,0.3758,0.2932,0.3628,0.3696,0.4492,0.3139,0.3696,0.6829,skl_DBSCAN,ionosphere_y.zip
0.1,2,euclidean,auto,4,1000.0,100,0.0394840240478515,-0.0191,1.3484,1.1046,0.5418,0.009,0.0059,0.0116,0.0171,0.009,0.167,0.0171,0.7325,skl_DBSCAN,ionosphere_y.zip
0.1,2,euclidean,auto,4,1000.0,20,0.076204776763916,-0.0191,1.3484,1.1046,0.5418,0.009,0.0059,0.0116,0.0171,0.009,0.167,0.0171,0.7325,skl_DBSCAN,ionosphere_y.zip
0.1,2,euclidean,auto,4,100.0,100,0.0016381740570068,-0.0191,1.3484,1.1046,0.5418,0.009,0.0059,0.0116,0.0171,0.009,0.167,0.0171,0.7325,skl_DBSCAN,ionosphere_y.zip
0.1,2,euclidean,auto,4,100.0,20,0.0548884868621826,-0.0191,1.3484,1.1046,0.5418,0.009,0.0059,0.0116,0.0171,0.009,0.167,0.0171,0.7325,skl_DBSCAN,ionosphere_y.zip
0.1,2,euclidean,auto,4,20.0,20,0.0336852073669433,-0.0191,1.3484,1.1046,0.5418,0.009,0.0059,0.0116,0.0171,0.009,0.167,0.0171,0.7325,skl_DBSCAN,ionosphere_y.zip
0.1,2,euclidean,auto,4,inf,100,0.0453424453735351,-0.0191,1.3484,1.1046,0.5418,0.009,0.0059,0.0116,0.0171,0.009,0.167,0.0171,0.7325,skl_DBSCAN,ionosphere_y.zip
0.1,2,euclidean,auto,4,inf,20,0.0917749404907226,-0.0191,1.3484,1.1046,0.5418,0.009,0.0059,0.0116,0.0171,0.009,0.167,0.0171,0.7325,skl_DBSCAN,ionosphere_y.zip
0.1,5,correlation,auto,4,1000.0,100,0.0087943077087402,-0.0349,26.9507,2.2243,0.5575,0.1295,0.2473,0.282,0.2856,0.3788,0.2292,0.2856,0.5312,skl_DBSCAN,ionosphere_y.zip
0.1,5,correlation,auto,4,1000.0,20,0.0126082897186279,-0.0349,26.9507,2.2243,0.5575,0.1295,0.2473,0.282,0.2856,0.3788,0.2292,0.2856,0.5312,skl_DBSCAN,ionosphere_y.zip
0.1,5,correlation,auto,4,100.0,100,0.0056824684143066,-0.0321,27.076,2.2302,0.5594,0.1335,0.2498,0.2845,0.2882,0.3827,0.2311,0.2882,0.5326,skl_DBSCAN,ionosphere_y.zip
0.1,5,correlation,auto,4,100.0,20,0.0081927776336669,-0.0349,26.9507,2.2243,0.5575,0.1295,0.2473,0.282,0.2856,0.3788,0.2292,0.2856,0.5312,skl_DBSCAN,ionosphere_y.zip
0.1,5,correlation,auto,4,20.0,20,0.0134270191192626,-0.0394,27.5232,2.1584,0.5574,0.1284,0.2522,0.2906,0.2943,0.3863,0.2377,0.2943,0.5334,skl_DBSCAN,ionosphere_y.zip
0.1,5,correlation,auto,4,inf,100,0.0226283073425292,-0.0349,26.9507,2.2243,0.5575,0.1295,0.2473,0.282,0.2856,0.3788,0.2292,0.2856,0.5312,skl_DBSCAN,ionosphere_y.zip
0.1,5,correlation,auto,4,inf,20,0.0277111530303955,-0.0349,26.9507,2.2243,0.5575,0.1295,0.2473,0.282,0.2856,0.3788,0.2292,0.2856,0.5312,skl_DBSCAN,ionosphere_y.zip
0.1,5,cosine,auto,4,1000.0,100,0.0117909908294677,-0.0932,8.2265,3.9832,0.685,0.3733,0.2763,0.3734,0.3759,0.4233,0.338,0.3759,0.6885,skl_DBSCAN,ionosphere_y.zip
0.1,5,cosine,auto,4,1000.0,20,0.020693302154541,-0.0932,8.2265,3.9832,0.685,0.3733,0.2763,0.3734,0.3759,0.4233,0.338,0.3759,0.6885,skl_DBSCAN,ionosphere_y.zip
0.1,5,cosine,auto,4,100.0,100,0.0125112533569335,-0.0932,8.2265,3.9832,0.685,0.3733,0.2763,0.3734,0.3759,0.4233,0.338,0.3759,0.6885,skl_DBSCAN,ionosphere_y.zip
0.1,5,cosine,auto,4,100.0,20,0.01393723487854,-0.0932,8.2265,3.9832,0.685,0.3733,0.2763,0.3734,0.3759,0.4233,0.338,0.3759,0.6885,skl_DBSCAN,ionosphere_y.zip
0.1,5,cosine,auto,4,20.0,20,0.0141136646270751,-0.0962,8.029,4.0189,0.6816,0.3665,0.2734,0.3694,0.3719,0.4188,0.3345,0.3719,0.6851,skl_DBSCAN,ionosphere_y.zip
0.1,5,cosine,auto,4,inf,100,0.0179066658020019,-0.0932,8.2265,3.9832,0.685,0.3733,0.2763,0.3734,0.3759,0.4233,0.338,0.3759,0.6885,skl_DBSCAN,ionosphere_y.zip
0.1,5,cosine,auto,4,inf,20,0.0113046169281005,-0.0932,8.2265,3.9832,0.685,0.3733,0.2763,0.3734,0.3759,0.4233,0.338,0.3759,0.6885,skl_DBSCAN,ionosphere_y.zip
0.1,5,euclidean,auto,4,1000.0,100,0.0016732215881347,0.0,0.0,0.0,0.5385,0.0,0.0,0.0,0.0,0.0,1.0,0.0,0.7338,skl_DBSCAN,ionosphere_y.zip
0.1,5,euclidean,auto,4,1000.0,20,0.0016510486602783,0.0,0.0,0.0,0.5385,0.0,0.0,0.0,0.0,0.0,1.0,0.0,0.7338,skl_DBSCAN,ionosphere_y.zip
0.1,5,euclidean,auto,4,100.0,100,0.001664400100708,0.0,0.0,0.0,0.5385,0.0,0.0,0.0,0.0,0.0,1.0,0.0,0.7338,skl_DBSCAN,ionosphere_y.zip
0.1,5,euclidean,auto,4,100.0,20,0.0016298294067382,0.0,0.0,0.0,0.5385,0.0,0.0,0.0,0.0,0.0,1.0,0.0,0.7338,skl_DBSCAN,ionosphere_y.zip
0.1,5,euclidean,auto,4,20.0,20,0.0319633483886718,0.0,0.0,0.0,0.5385,0.0,0.0,0.0,0.0,0.0,1.0,0.0,0.7338,skl_DBSCAN,ionosphere_y.zip
0.1,5,euclidean,auto,4,inf,100,0.0016505718231201,0.0,0.0,0.0,0.5385,0.0,0.0,0.0,0.0,0.0,1.0,0.0,0.7338,skl_DBSCAN,ionosphere_y.zip
0.1,5,euclidean,auto,4,inf,20,0.0845093727111816,0.0,0.0,0.0,0.5385,0.0,0.0,0.0,0.0,0.0,1.0,0.0,0.7338,skl_DBSCAN,ionosphere_y.zip
0.25,10,correlation,auto,4,1000.0,100,0.0132021903991699,0.1624,43.0486,2.7644,0.6342,0.2861,0.2672,0.3049,0.3071,0.4092,0.2458,0.3071,0.5989,skl_DBSCAN,ionosphere_y.zip
0.25,10,correlation,auto,4,1000.0,20,0.0132672786712646,0.1624,43.0486,2.7644,0.6342,0.2861,0.2672,0.3049,0.3071,0.4092,0.2458,0.3071,0.5989,skl_DBSCAN,ionosphere_y.zip
0.25,10,correlation,auto,4,100.0,100,0.0053412914276123,0.1624,43.0486,2.7644,0.6342,0.2861,0.2672,0.3049,0.3071,0.4092,0.2458,0.3071,0.5989,skl_DBSCAN,ionosphere_y.zip
0.25,10,correlation,auto,4,100.0,20,0.0084822177886962,0.1624,43.0486,2.7644,0.6342,0.2861,0.2672,0.3049,0.3071,0.4092,0.2458,0.3071,0.5989,skl_DBSCAN,ionosphere_y.zip
0.25,10,correlation,auto,4,20.0,20,0.0183181762695312,0.1675,43.4468,2.8031,0.6389,0.2954,0.2709,0.3087,0.311,0.415,0.2487,0.311,0.6038,skl_DBSCAN,ionosphere_y.zip
0.25,10,correlation,auto,4,inf,100,0.0204777717590332,0.1624,43.0486,2.7644,0.6342,0.2861,0.2672,0.3049,0.3071,0.4092,0.2458,0.3071,0.5989,skl_DBSCAN,ionosphere_y.zip
0.25,10,correlation,auto,4,inf,20,0.0262107849121093,0.1624,43.0486,2.7644,0.6342,0.2861,0.2672,0.3049,0.3071,0.4092,0.2458,0.3071,0.5989,skl_DBSCAN,ionosphere_y.zip
0.25,10,cosine,auto,4,1000.0,100,0.0281324386596679,0.128,14.4653,4.5413,0.7975,0.5927,0.305,0.4649,0.466,0.4672,0.4649,0.466,0.8114,skl_DBSCAN,ionosphere_y.zip
0.25,10,cosine,auto,4,1000.0,20,0.0115637779235839,0.128,14.4653,4.5413,0.7975,0.5927,0.305,0.4649,0.466,0.4672,0.4649,0.466,0.8114,skl_DBSCAN,ionosphere_y.zip
0.25,10,cosine,auto,4,100.0,100,0.0071861743927001,0.125,14.3527,4.5575,0.7931,0.584,0.3001,0.4569,0.4581,0.4598,0.4564,0.4581,0.807,skl_DBSCAN,ionosphere_y.zip
0.25,10,cosine,auto,4,100.0,20,0.0167467594146728,0.128,14.4653,4.5413,0.7975,0.5927,0.305,0.4649,0.466,0.4672,0.4649,0.466,0.8114,skl_DBSCAN,ionosphere_y.zip
0.25,10,cosine,auto,4,20.0,20,0.0125126838684082,0.1255,14.1869,4.5843,0.7975,0.5927,0.305,0.4649,0.466,0.4672,0.4649,0.466,0.8114,skl_DBSCAN,ionosphere_y.zip
0.25,10,cosine,auto,4,inf,100,0.0057272911071777,0.128,14.4653,4.5413,0.7975,0.5927,0.305,0.4649,0.466,0.4672,0.4649,0.466,0.8114,skl_DBSCAN,ionosphere_y.zip
0.25,10,cosine,auto,4,inf,20,0.0072476863861083,0.128,14.4653,4.5413,0.7975,0.5927,0.305,0.4649,0.466,0.4672,0.4649,0.466,0.8114,skl_DBSCAN,ionosphere_y.zip
0.25,10,euclidean,auto,4,1000.0,100,0.0016350746154785,0.0,0.0,0.0,0.5385,0.0,0.0,0.0,0.0,0.0,1.0,0.0,0.7338,skl_DBSCAN,ionosphere_y.zip
0.25,10,euclidean,auto,4,1000.0,20,0.0016896724700927,0.0,0.0,0.0,0.5385,0.0,0.0,0.0,0.0,0.0,1.0,0.0,0.7338,skl_DBSCAN,ionosphere_y.zip
0.25,10,euclidean,auto,4,100.0,100,0.0016183853149414,0.0,0.0,0.0,0.5385,0.0,0.0,0.0,0.0,0.0,1.0,0.0,0.7338,skl_DBSCAN,ionosphere_y.zip
0.25,10,euclidean,auto,4,100.0,20,0.001638650894165,0.0,0.0,0.0,0.5385,0.0,0.0,0.0,0.0,0.0,1.0,0.0,0.7338,skl_DBSCAN,ionosphere_y.zip
0.25,10,euclidean,auto,4,20.0,20,0.0283284187316894,0.0,0.0,0.0,0.5385,0.0,0.0,0.0,0.0,0.0,1.0,0.0,0.7338,skl_DBSCAN,ionosphere_y.zip
0.25,10,euclidean,auto,4,inf,100,0.0016524791717529,0.0,0.0,0.0,0.5385,0.0,0.0,0.0,0.0,0.0,1.0,0.0,0.7338,skl_DBSCAN,ionosphere_y.zip
0.25,10,euclidean,auto,4,inf,20,0.0891013145446777,0.0,0.0,0.0,0.5385,0.0,0.0,0.0,0.0,0.0,1.0,0.0,0.7338,skl_DBSCAN,ionosphere_y.zip
0.25,2,correlation,auto,4,1000.0,100,0.0087213516235351,-0.0596,13.5692,2.2548,0.6349,0.2902,0.2982,0.3032,0.3121,0.4567,0.2371,0.3121,0.5923,skl_DBSCAN,ionosphere_y.zip
0.25,2,correlation,auto,4,1000.0,20,0.0124220848083496,-0.0596,13.5692,2.2548,0.6349,0.2902,0.2982,0.3032,0.3121,0.4567,0.2371,0.3121,0.5923,skl_DBSCAN,ionosphere_y.zip
0.25,2,correlation,auto,4,100.0,100,0.0054879188537597,-0.0596,13.5692,2.2548,0.6349,0.2902,0.2982,0.3032,0.3121,0.4567,0.2371,0.3121,0.5923,skl_DBSCAN,ionosphere_y.zip
0.25,2,correlation,auto,4,100.0,20,0.0056898593902587,-0.0596,13.5692,2.2548,0.6349,0.2902,0.2982,0.3032,0.3121,0.4567,0.2371,0.3121,0.5923,skl_DBSCAN,ionosphere_y.zip
0.25,2,correlation,auto,4,20.0,20,0.009246826171875,-0.0583,13.7192,2.2736,0.6372,0.2948,0.2986,0.3035,0.3124,0.4573,0.2372,0.3124,0.595,skl_DBSCAN,ionosphere_y.zip
0.25,2,correlation,auto,4,inf,100,0.0192177295684814,-0.0596,13.5692,2.2548,0.6349,0.2902,0.2982,0.3032,0.3121,0.4567,0.2371,0.3121,0.5923,skl_DBSCAN,ionosphere_y.zip
0.25,2,correlation,auto,4,inf,20,0.0275280475616455,-0.0596,13.5692,2.2548,0.6349,0.2902,0.2982,0.3032,0.3121,0.4567,0.2371,0.3121,0.5923,skl_DBSCAN,ionosphere_y.zip
0.25,2,cosine,auto,4,1000.0,100,0.0055513381958007,-0.1071,4.5203,2.8183,0.7815,0.5618,0.3034,0.4108,0.4179,0.4648,0.3796,0.4179,0.7935,skl_DBSCAN,ionosphere_y.zip
0.25,2,cosine,auto,4,1000.0,20,0.0098278522491455,-0.1071,4.5203,2.8183,0.7815,0.5618,0.3034,0.4108,0.4179,0.4648,0.3796,0.4179,0.7935,skl_DBSCAN,ionosphere_y.zip
0.25,2,cosine,auto,4,100.0,100,0.0122425556182861,-0.2293,3.8056,2.7138,0.7798,0.559,0.3103,0.4089,0.4174,0.4753,0.3721,0.4174,0.7903,skl_DBSCAN,ionosphere_y.zip
0.25,2,cosine,auto,4,100.0,20,0.005568504333496,-0.1071,4.5203,2.8183,0.7815,0.5618,0.3034,0.4108,0.4179,0.4648,0.3796,0.4179,0.7935,skl_DBSCAN,ionosphere_y.zip
0.25,2,cosine,auto,4,20.0,20,0.0122203826904296,-0.2246,4.1586,2.7997,0.7853,0.5692,0.3116,0.4253,0.4324,0.4773,0.3952,0.4324,0.7974,skl_DBSCAN,ionosphere_y.zip
0.25,2,cosine,auto,4,inf,100,0.0246293544769287,-0.1071,4.5203,2.8183,0.7815,0.5618,0.3034,0.4108,0.4179,0.4648,0.3796,0.4179,0.7935,skl_DBSCAN,ionosphere_y.zip
0.25,2,cosine,auto,4,inf,20,0.0300362110137939,-0.1071,4.5203,2.8183,0.7815,0.5618,0.3034,0.4108,0.4179,0.4648,0.3796,0.4179,0.7935,skl_DBSCAN,ionosphere_y.zip
0.25,2,euclidean,auto,4,1000.0,100,0.0352401733398437,-0.3377,1.0878,1.2892,0.5354,-0.001,0.0109,0.0139,0.0288,0.0167,0.1036,0.0288,0.7209,skl_DBSCAN,ionosphere_y.zip
0.25,2,euclidean,auto,4,1000.0,20,0.0804200172424316,-0.3377,1.0878,1.2892,0.5354,-0.001,0.0109,0.0139,0.0288,0.0167,0.1036,0.0288,0.7209,skl_DBSCAN,ionosphere_y.zip
0.25,2,euclidean,auto,4,100.0,100,0.0016231536865234,-0.3377,1.0878,1.2892,0.5354,-0.001,0.0109,0.0139,0.0288,0.0167,0.1036,0.0288,0.7209,skl_DBSCAN,ionosphere_y.zip
0.25,2,euclidean,auto,4,100.0,20,0.0974454879760742,-0.3377,1.0878,1.2892,0.5354,-0.001,0.0109,0.0139,0.0288,0.0167,0.1036,0.0288,0.7209,skl_DBSCAN,ionosphere_y.zip
0.25,2,euclidean,auto,4,20.0,20,0.015993595123291,-0.0191,1.3484,1.1046,0.5418,0.009,0.0059,0.0116,0.0171,0.009,0.167,0.0171,0.7325,skl_DBSCAN,ionosphere_y.zip
0.25,2,euclidean,auto,4,inf,100,0.0378575325012207,-0.3377,1.0878,1.2892,0.5354,-0.001,0.0109,0.0139,0.0288,0.0167,0.1036,0.0288,0.7209,skl_DBSCAN,ionosphere_y.zip
0.25,2,euclidean,auto,4,inf,20,0.092874526977539,-0.3377,1.0878,1.2892,0.5354,-0.001,0.0109,0.0139,0.0288,0.0167,0.1036,0.0288,0.7209,skl_DBSCAN,ionosphere_y.zip
0.25,5,correlation,auto,4,1000.0,100,0.0118610858917236,0.1624,43.0486,2.7644,0.6342,0.2861,0.2672,0.3049,0.3071,0.4092,0.2458,0.3071,0.5989,skl_DBSCAN,ionosphere_y.zip
0.25,5,correlation,auto,4,1000.0,20,0.014549970626831,0.1624,43.0486,2.7644,0.6342,0.2861,0.2672,0.3049,0.3071,0.4092,0.2458,0.3071,0.5989,skl_DBSCAN,ionosphere_y.zip
0.25,5,correlation,auto,4,100.0,100,0.0052793025970458,0.1624,43.0486,2.7644,0.6342,0.2861,0.2672,0.3049,0.3071,0.4092,0.2458,0.3071,0.5989,skl_DBSCAN,ionosphere_y.zip
0.25,5,correlation,auto,4,100.0,20,0.0131590366363525,0.1624,43.0486,2.7644,0.6342,0.2861,0.2672,0.3049,0.3071,0.4092,0.2458,0.3071,0.5989,skl_DBSCAN,ionosphere_y.zip
0.25,5,correlation,auto,4,20.0,20,0.0162851810455322,0.1675,43.4468,2.8031,0.6389,0.2954,0.2709,0.3087,0.311,0.415,0.2487,0.311,0.6038,skl_DBSCAN,ionosphere_y.zip
0.25,5,correlation,auto,4,inf,100,0.0157361030578613,0.1624,43.0486,2.7644,0.6342,0.2861,0.2672,0.3049,0.3071,0.4092,0.2458,0.3071,0.5989,skl_DBSCAN,ionosphere_y.zip
0.25,5,correlation,auto,4,inf,20,0.0322318077087402,0.1624,43.0486,2.7644,0.6342,0.2861,0.2672,0.3049,0.3071,0.4092,0.2458,0.3071,0.5989,skl_DBSCAN,ionosphere_y.zip
0.25,5,cosine,auto,4,1000.0,100,0.0129985809326171,0.1297,14.7911,4.4879,0.7931,0.5838,0.2986,0.4556,0.4568,0.4573,0.4562,0.4568,0.8076,skl_DBSCAN,ionosphere_y.zip
0.25,5,cosine,auto,4,1000.0,20,0.0173630714416503,0.1297,14.7911,4.4879,0.7931,0.5838,0.2986,0.4556,0.4568,0.4573,0.4562,0.4568,0.8076,skl_DBSCAN,ionosphere_y.zip
0.25,5,cosine,auto,4,100.0,100,0.0114741325378417,0.1267,14.6672,4.5053,0.7887,0.5751,0.2937,0.4476,0.4489,0.45,0.4477,0.4489,0.8032,skl_DBSCAN,ionosphere_y.zip
0.25,5,cosine,auto,4,100.0,20,0.0072736740112304,0.1297,14.7911,4.4879,0.7931,0.5838,0.2986,0.4556,0.4568,0.4573,0.4562,0.4568,0.8076,skl_DBSCAN,ionosphere_y.zip
0.25,5,cosine,auto,4,20.0,20,0.0223677158355712,0.1271,14.4954,4.5321,0.7931,0.5838,0.2986,0.4556,0.4568,0.4573,0.4562,0.4568,0.8076,skl_DBSCAN,ionosphere_y.zip
0.25,5,cosine,auto,4,inf,100,0.0204648971557617,0.1297,14.7911,4.4879,0.7931,0.5838,0.2986,0.4556,0.4568,0.4573,0.4562,0.4568,0.8076,skl_DBSCAN,ionosphere_y.zip
0.25,5,cosine,auto,4,inf,20,0.014117956161499,0.1297,14.7911,4.4879,0.7931,0.5838,0.2986,0.4556,0.4568,0.4573,0.4562,0.4568,0.8076,skl_DBSCAN,ionosphere_y.zip
0.25,5,euclidean,auto,4,1000.0,100,0.001615285873413,0.0,0.0,0.0,0.5385,0.0,0.0,0.0,0.0,0.0,1.0,0.0,0.7338,skl_DBSCAN,ionosphere_y.zip
0.25,5,euclidean,auto,4,1000.0,20,0.001702070236206,0.0,0.0,0.0,0.5385,0.0,0.0,0.0,0.0,0.0,1.0,0.0,0.7338,skl_DBSCAN,ionosphere_y.zip
0.25,5,euclidean,auto,4,100.0,100,0.0016124248504638,0.0,0.0,0.0,0.5385,0.0,0.0,0.0,0.0,0.0,1.0,0.0,0.7338,skl_DBSCAN,ionosphere_y.zip
0.25,5,euclidean,auto,4,100.0,20,0.0016298294067382,0.0,0.0,0.0,0.5385,0.0,0.0,0.0,0.0,0.0,1.0,0.0,0.7338,skl_DBSCAN,ionosphere_y.zip
0.25,5,euclidean,auto,4,20.0,20,0.019486665725708,0.0,0.0,0.0,0.5385,0.0,0.0,0.0,0.0,0.0,1.0,0.0,0.7338,skl_DBSCAN,ionosphere_y.zip
0.25,5,euclidean,auto,4,inf,100,0.0016875267028808,0.0,0.0,0.0,0.5385,0.0,0.0,0.0,0.0,0.0,1.0,0.0,0.7338,skl_DBSCAN,ionosphere_y.zip
0.25,5,euclidean,auto,4,inf,20,0.0840437412261962,0.0,0.0,0.0,0.5385,0.0,0.0,0.0,0.0,0.0,1.0,0.0,0.7338,skl_DBSCAN,ionosphere_y.zip
0.5,10,correlation,auto,4,1000.0,100,0.010207176208496,0.2351,17.0116,3.6265,0.673,0.3235,0.1648,0.295,0.2969,0.2524,0.3603,0.2969,0.7468,skl_DBSCAN,ionosphere_y.zip
0.5,10,correlation,auto,4,1000.0,20,0.0147879123687744,0.2351,17.0116,3.6265,0.673,0.3235,0.1648,0.295,0.2969,0.2524,0.3603,0.2969,0.7468,skl_DBSCAN,ionosphere_y.zip
0.5,10,correlation,auto,4,100.0,100,0.0054450035095214,0.2358,17.139,3.6379,0.6764,0.3309,0.1688,0.301,0.3028,0.2585,0.3654,0.3028,0.7484,skl_DBSCAN,ionosphere_y.zip
0.5,10,correlation,auto,4,100.0,20,0.0085651874542236,0.2351,17.0116,3.6265,0.673,0.3235,0.1648,0.295,0.2969,0.2524,0.3603,0.2969,0.7468,skl_DBSCAN,ionosphere_y.zip
0.5,10,correlation,auto,4,20.0,20,0.0133657455444335,0.2409,16.7518,3.5941,0.6696,0.3153,0.1651,0.2993,0.3012,0.2529,0.3722,0.3012,0.7473,skl_DBSCAN,ionosphere_y.zip
0.5,10,correlation,auto,4,inf,100,0.0168144702911376,0.2351,17.0116,3.6265,0.673,0.3235,0.1648,0.295,0.2969,0.2524,0.3603,0.2969,0.7468,skl_DBSCAN,ionosphere_y.zip
0.5,10,correlation,auto,4,inf,20,0.0280666351318359,0.2351,17.0116,3.6265,0.673,0.3235,0.1648,0.295,0.2969,0.2524,0.3603,0.2969,0.7468,skl_DBSCAN,ionosphere_y.zip
0.5,10,cosine,auto,4,1000.0,100,0.0162343978881835,0.228,4.2268,5.8337,0.5938,0.1444,0.0693,0.1411,0.1437,0.1062,0.2223,0.1437,0.7195,skl_DBSCAN,ionosphere_y.zip
0.5,10,cosine,auto,4,1000.0,20,0.0168745517730712,0.228,4.2268,5.8337,0.5938,0.1444,0.0693,0.1411,0.1437,0.1062,0.2223,0.1437,0.7195,skl_DBSCAN,ionosphere_y.zip
0.5,10,cosine,auto,4,100.0,100,0.0104138851165771,0.228,4.2268,5.8337,0.5938,0.1444,0.0693,0.1411,0.1437,0.1062,0.2223,0.1437,0.7195,skl_DBSCAN,ionosphere_y.zip
0.5,10,cosine,auto,4,100.0,20,0.0056860446929931,0.228,4.2268,5.8337,0.5938,0.1444,0.0693,0.1411,0.1437,0.1062,0.2223,0.1437,0.7195,skl_DBSCAN,ionosphere_y.zip
0.5,10,cosine,auto,4,20.0,20,0.0122952461242675,0.2461,5.0609,5.358,0.5964,0.149,0.0756,0.1553,0.1579,0.1158,0.2477,0.1579,0.7228,skl_DBSCAN,ionosphere_y.zip
0.5,10,cosine,auto,4,inf,100,0.0250360965728759,0.228,4.2268,5.8337,0.5938,0.1444,0.0693,0.1411,0.1437,0.1062,0.2223,0.1437,0.7195,skl_DBSCAN,ionosphere_y.zip
0.5,10,cosine,auto,4,inf,20,0.0245027542114257,0.228,4.2268,5.8337,0.5938,0.1444,0.0693,0.1411,0.1437,0.1062,0.2223,0.1437,0.7195,skl_DBSCAN,ionosphere_y.zip
0.5,10,euclidean,auto,4,1000.0,100,0.0348310470581054,-0.1829,7.0236,1.4259,0.5179,-0.0304,0.0195,0.0437,0.0471,0.0299,0.1107,0.0471,0.693,skl_DBSCAN,ionosphere_y.zip
0.5,10,euclidean,auto,4,1000.0,20,0.0925378799438476,-0.1829,7.0236,1.4259,0.5179,-0.0304,0.0195,0.0437,0.0471,0.0299,0.1107,0.0471,0.693,skl_DBSCAN,ionosphere_y.zip
0.5,10,euclidean,auto,4,100.0,100,0.0016367435455322,-0.1829,7.0236,1.4259,0.5179,-0.0304,0.0195,0.0437,0.0471,0.0299,0.1107,0.0471,0.693,skl_DBSCAN,ionosphere_y.zip
0.5,10,euclidean,auto,4,100.0,20,0.0723786354064941,-0.1829,7.0236,1.4259,0.5179,-0.0304,0.0195,0.0437,0.0471,0.0299,0.1107,0.0471,0.693,skl_DBSCAN,ionosphere_y.zip
0.5,10,euclidean,auto,4,20.0,20,0.029731273651123,0.0,0.0,0.0,0.5385,0.0,0.0,0.0,0.0,0.0,1.0,0.0,0.7338,skl_DBSCAN,ionosphere_y.zip
0.5,10,euclidean,auto,4,inf,100,0.0418019294738769,-0.1829,7.0236,1.4259,0.5179,-0.0304,0.0195,0.0437,0.0471,0.0299,0.1107,0.0471,0.693,skl_DBSCAN,ionosphere_y.zip
0.5,10,euclidean,auto,4,inf,20,0.0076296329498291,-0.1829,7.0236,1.4259,0.5179,-0.0304,0.0195,0.0437,0.0471,0.0299,0.1107,0.0471,0.693,skl_DBSCAN,ionosphere_y.zip
0.5,2,correlation,auto,4,1000.0,100,0.0088965892791748,-0.0355,3.881,3.0164,0.6022,0.1623,0.0904,0.1709,0.1796,0.1385,0.2552,0.1796,0.7251,skl_DBSCAN,ionosphere_y.zip
0.5,2,correlation,auto,4,1000.0,20,0.0083653926849365,-0.0355,3.881,3.0164,0.6022,0.1623,0.0904,0.1709,0.1796,0.1385,0.2552,0.1796,0.7251,skl_DBSCAN,ionosphere_y.zip
0.5,2,correlation,auto,4,100.0,100,0.0053224563598632,-0.0355,3.881,3.0164,0.6022,0.1623,0.0904,0.1709,0.1796,0.1385,0.2552,0.1796,0.7251,skl_DBSCAN,ionosphere_y.zip
0.5,2,correlation,auto,4,100.0,20,0.0086517333984375,-0.0355,3.881,3.0164,0.6022,0.1623,0.0904,0.1709,0.1796,0.1385,0.2552,0.1796,0.7251,skl_DBSCAN,ionosphere_y.zip
0.5,2,correlation,auto,4,20.0,20,0.008819580078125,-0.0251,4.0348,2.9924,0.5968,0.1497,0.0838,0.1589,0.1677,0.1284,0.2414,0.1677,0.7239,skl_DBSCAN,ionosphere_y.zip
0.5,2,correlation,auto,4,inf,100,0.0248198509216308,-0.0355,3.881,3.0164,0.6022,0.1623,0.0904,0.1709,0.1796,0.1385,0.2552,0.1796,0.7251,skl_DBSCAN,ionosphere_y.zip
0.5,2,correlation,auto,4,inf,20,0.0095963478088378,-0.0355,3.881,3.0164,0.6022,0.1623,0.0904,0.1709,0.1796,0.1385,0.2552,0.1796,0.7251,skl_DBSCAN,ionosphere_y.zip
0.5,2,cosine,auto,4,1000.0,100,0.0096194744110107,0.2766,3.6955,4.8579,0.5663,0.0746,0.039,0.0889,0.0921,0.0597,0.201,0.0921,0.7241,skl_DBSCAN,ionosphere_y.zip
0.5,2,cosine,auto,4,1000.0,20,0.0161828994750976,0.2766,3.6955,4.8579,0.5663,0.0746,0.039,0.0889,0.0921,0.0597,0.201,0.0921,0.7241,skl_DBSCAN,ionosphere_y.zip
0.5,2,cosine,auto,4,100.0,100,0.0064105987548828,0.2766,3.6955,4.8579,0.5663,0.0746,0.039,0.0889,0.0921,0.0597,0.201,0.0921,0.7241,skl_DBSCAN,ionosphere_y.zip
0.5,2,cosine,auto,4,100.0,20,0.0141465663909912,0.2766,3.6955,4.8579,0.5663,0.0746,0.039,0.0889,0.0921,0.0597,0.201,0.0921,0.7241,skl_DBSCAN,ionosphere_y.zip
0.5,2,cosine,auto,4,20.0,20,0.018827199935913,0.2737,4.0318,4.7615,0.5642,0.0709,0.0331,0.0741,0.0773,0.0506,0.1634,0.0773,0.7209,skl_DBSCAN,ionosphere_y.zip
0.5,2,cosine,auto,4,inf,100,0.0137336254119873,0.2766,3.6955,4.8579,0.5663,0.0746,0.039,0.0889,0.0921,0.0597,0.201,0.0921,0.7241,skl_DBSCAN,ionosphere_y.zip
0.5,2,cosine,auto,4,inf,20,0.02783203125,0.2766,3.6955,4.8579,0.5663,0.0746,0.039,0.0889,0.0921,0.0597,0.201,0.0921,0.7241,skl_DBSCAN,ionosphere_y.zip
0.5,2,euclidean,auto,4,1000.0,100,0.0545251369476318,-0.4126,2.0672,1.4542,0.5018,-0.0451,0.0552,0.0642,0.0939,0.0845,0.1056,0.0939,0.6412,skl_DBSCAN,ionosphere_y.zip
0.5,2,euclidean,auto,4,1000.0,20,0.0973227024078369,-0.4126,2.0672,1.4542,0.5018,-0.0451,0.0552,0.0642,0.0939,0.0845,0.1056,0.0939,0.6412,skl_DBSCAN,ionosphere_y.zip
0.5,2,euclidean,auto,4,100.0,100,0.0016636848449707,-0.4162,2.1764,1.4675,0.5041,-0.042,0.0524,0.0644,0.0918,0.0802,0.1073,0.0918,0.6466,skl_DBSCAN,ionosphere_y.zip
0.5,2,euclidean,auto,4,100.0,20,0.0966975688934326,-0.4126,2.0672,1.4542,0.5018,-0.0451,0.0552,0.0642,0.0939,0.0845,0.1056,0.0939,0.6412,skl_DBSCAN,ionosphere_y.zip
0.5,2,euclidean,auto,4,20.0,20,0.0145826339721679,-0.3292,1.8112,1.4375,0.517,-0.0286,0.0278,0.0408,0.0592,0.0426,0.0969,0.0592,0.6846,skl_DBSCAN,ionosphere_y.zip
0.5,2,euclidean,auto,4,inf,100,0.0403592586517334,-0.4126,2.0672,1.4542,0.5018,-0.0451,0.0552,0.0642,0.0939,0.0845,0.1056,0.0939,0.6412,skl_DBSCAN,ionosphere_y.zip
0.5,2,euclidean,auto,4,inf,20,0.0076453685760498,-0.4126,2.0672,1.4542,0.5018,-0.0451,0.0552,0.0642,0.0939,0.0845,0.1056,0.0939,0.6412,skl_DBSCAN,ionosphere_y.zip
0.5,5,correlation,auto,4,1000.0,100,0.010615587234497,0.2357,8.4067,4.6257,0.6261,0.2179,0.1128,0.218,0.2202,0.1728,0.3034,0.2202,0.7301,skl_DBSCAN,ionosphere_y.zip
0.5,5,correlation,auto,4,1000.0,20,0.0147821903228759,0.2357,8.4067,4.6257,0.6261,0.2179,0.1128,0.218,0.2202,0.1728,0.3034,0.2202,0.7301,skl_DBSCAN,ionosphere_y.zip
0.5,5,correlation,auto,4,100.0,100,0.0055193901062011,0.2357,8.4067,4.6257,0.6261,0.2179,0.1128,0.218,0.2202,0.1728,0.3034,0.2202,0.7301,skl_DBSCAN,ionosphere_y.zip
0.5,5,correlation,auto,4,100.0,20,0.0057234764099121,0.2357,8.4067,4.6257,0.6261,0.2179,0.1128,0.218,0.2202,0.1728,0.3034,0.2202,0.7301,skl_DBSCAN,ionosphere_y.zip
0.5,5,correlation,auto,4,20.0,20,0.0060338973999023,0.2423,9.833,4.1526,0.6232,0.2103,0.1143,0.2247,0.227,0.1751,0.3223,0.227,0.7318,skl_DBSCAN,ionosphere_y.zip
0.5,5,correlation,auto,4,inf,100,0.0194518566131591,0.2357,8.4067,4.6257,0.6261,0.2179,0.1128,0.218,0.2202,0.1728,0.3034,0.2202,0.7301,skl_DBSCAN,ionosphere_y.zip
0.5,5,correlation,auto,4,inf,20,0.0265331268310546,0.2357,8.4067,4.6257,0.6261,0.2179,0.1128,0.218,0.2202,0.1728,0.3034,0.2202,0.7301,skl_DBSCAN,ionosphere_y.zip
0.5,5,cosine,auto,4,1000.0,100,0.0079691410064697,0.2488,3.787,5.581,0.5795,0.1086,0.0536,0.1151,0.1179,0.0821,0.2088,0.1179,0.7209,skl_DBSCAN,ionosphere_y.zip
0.5,5,cosine,auto,4,1000.0,20,0.0217030048370361,0.2488,3.787,5.581,0.5795,0.1086,0.0536,0.1151,0.1179,0.0821,0.2088,0.1179,0.7209,skl_DBSCAN,ionosphere_y.zip
0.5,5,cosine,auto,4,100.0,100,0.00775146484375,0.2488,3.787,5.581,0.5795,0.1086,0.0536,0.1151,0.1179,0.0821,0.2088,0.1179,0.7209,skl_DBSCAN,ionosphere_y.zip
0.5,5,cosine,auto,4,100.0,20,0.0056676864624023,0.2488,3.787,5.581,0.5795,0.1086,0.0536,0.1151,0.1179,0.0821,0.2088,0.1179,0.7209,skl_DBSCAN,ionosphere_y.zip
0.5,5,cosine,auto,4,20.0,20,0.0063040256500244,0.2647,4.4489,5.1353,0.5772,0.1031,0.0506,0.1093,0.1121,0.0775,0.2028,0.1121,0.7208,skl_DBSCAN,ionosphere_y.zip
0.5,5,cosine,auto,4,inf,100,0.0171670913696289,0.2488,3.787,5.581,0.5795,0.1086,0.0536,0.1151,0.1179,0.0821,0.2088,0.1179,0.7209,skl_DBSCAN,ionosphere_y.zip
0.5,5,cosine,auto,4,inf,20,0.0101456642150878,0.2488,3.787,5.581,0.5795,0.1086,0.0536,0.1151,0.1179,0.0821,0.2088,0.1179,0.7209,skl_DBSCAN,ionosphere_y.zip
0.5,5,euclidean,auto,4,1000.0,100,0.0326831340789794,-0.1696,8.4801,1.4302,0.5147,-0.0346,0.0236,0.0519,0.0551,0.0361,0.1165,0.0551,0.6854,skl_DBSCAN,ionosphere_y.zip
0.5,5,euclidean,auto,4,1000.0,20,0.06931734085083,-0.1696,8.4801,1.4302,0.5147,-0.0346,0.0236,0.0519,0.0551,0.0361,0.1165,0.0551,0.6854,skl_DBSCAN,ionosphere_y.zip
0.5,5,euclidean,auto,4,100.0,100,0.0016500949859619,-0.1696,8.4801,1.4302,0.5147,-0.0346,0.0236,0.0519,0.0551,0.0361,0.1165,0.0551,0.6854,skl_DBSCAN,ionosphere_y.zip
0.5,5,euclidean,auto,4,100.0,20,0.0699579715728759,-0.1696,8.4801,1.4302,0.5147,-0.0346,0.0236,0.0519,0.0551,0.0361,0.1165,0.0551,0.6854,skl_DBSCAN,ionosphere_y.zip
0.5,5,euclidean,auto,4,20.0,20,0.0289390087127685,-0.2148,4.0363,1.437,0.5253,-0.0201,0.0116,0.0261,0.03,0.0178,0.0972,0.03,0.7087,skl_DBSCAN,ionosphere_y.zip
0.5,5,euclidean,auto,4,inf,100,0.0493326187133789,-0.1696,8.4801,1.4302,0.5147,-0.0346,0.0236,0.0519,0.0551,0.0361,0.1165,0.0551,0.6854,skl_DBSCAN,ionosphere_y.zip
0.5,5,euclidean,auto,4,inf,20,0.0843076705932617,-0.1696,8.4801,1.4302,0.5147,-0.0346,0.0236,0.0519,0.0551,0.0361,0.1165,0.0551,0.6854,skl_DBSCAN,ionosphere_y.zip
0.75,10,correlation,auto,4,1000.0,100,0.0052857398986816,0.0,0.0,0.0,0.5385,0.0,0.0,0.0,0.0,0.0,1.0,0.0,0.7338,skl_DBSCAN,ionosphere_y.zip
0.75,10,correlation,auto,4,1000.0,20,0.0056273937225341,0.0,0.0,0.0,0.5385,0.0,0.0,0.0,0.0,0.0,1.0,0.0,0.7338,skl_DBSCAN,ionosphere_y.zip
0.75,10,correlation,auto,4,100.0,100,0.0055322647094726,0.0,0.0,0.0,0.5385,0.0,0.0,0.0,0.0,0.0,1.0,0.0,0.7338,skl_DBSCAN,ionosphere_y.zip
0.75,10,correlation,auto,4,100.0,20,0.0050323009490966,0.0,0.0,0.0,0.5385,0.0,0.0,0.0,0.0,0.0,1.0,0.0,0.7338,skl_DBSCAN,ionosphere_y.zip
0.75,10,correlation,auto,4,20.0,20,0.0103559494018554,0.0,0.0,0.0,0.5385,0.0,0.0,0.0,0.0,0.0,1.0,0.0,0.7338,skl_DBSCAN,ionosphere_y.zip
0.75,10,correlation,auto,4,inf,100,0.0180122852325439,0.0,0.0,0.0,0.5385,0.0,0.0,0.0,0.0,0.0,1.0,0.0,0.7338,skl_DBSCAN,ionosphere_y.zip
0.75,10,correlation,auto,4,inf,20,0.0287401676177978,0.0,0.0,0.0,0.5385,0.0,0.0,0.0,0.0,0.0,1.0,0.0,0.7338,skl_DBSCAN,ionosphere_y.zip
0.75,10,cosine,auto,4,1000.0,100,0.0162215232849121,0.0,0.0,0.0,0.5385,0.0,0.0,0.0,0.0,0.0,1.0,0.0,0.7338,skl_DBSCAN,ionosphere_y.zip
0.75,10,cosine,auto,4,1000.0,20,0.0177977085113525,0.0,0.0,0.0,0.5385,0.0,0.0,0.0,0.0,0.0,1.0,0.0,0.7338,skl_DBSCAN,ionosphere_y.zip
0.75,10,cosine,auto,4,100.0,100,0.0125281810760498,0.0,0.0,0.0,0.5385,0.0,0.0,0.0,0.0,0.0,1.0,0.0,0.7338,skl_DBSCAN,ionosphere_y.zip
0.75,10,cosine,auto,4,100.0,20,0.0119166374206542,0.0,0.0,0.0,0.5385,0.0,0.0,0.0,0.0,0.0,1.0,0.0,0.7338,skl_DBSCAN,ionosphere_y.zip
0.75,10,cosine,auto,4,20.0,20,0.0205254554748535,0.0,0.0,0.0,0.5385,0.0,0.0,0.0,0.0,0.0,1.0,0.0,0.7338,skl_DBSCAN,ionosphere_y.zip
0.75,10,cosine,auto,4,inf,100,0.0205080509185791,0.0,0.0,0.0,0.5385,0.0,0.0,0.0,0.0,0.0,1.0,0.0,0.7338,skl_DBSCAN,ionosphere_y.zip
0.75,10,cosine,auto,4,inf,20,0.0240797996520996,0.0,0.0,0.0,0.5385,0.0,0.0,0.0,0.0,0.0,1.0,0.0,0.7338,skl_DBSCAN,ionosphere_y.zip
0.75,10,euclidean,auto,4,1000.0,100,0.0668311119079589,-0.1323,12.9962,1.5172,0.5054,-0.0451,0.0388,0.0799,0.0827,0.0594,0.1361,0.0827,0.6599,skl_DBSCAN,ionosphere_y.zip
0.75,10,euclidean,auto,4,1000.0,20,0.0459463596343994,-0.1323,12.9962,1.5172,0.5054,-0.0451,0.0388,0.0799,0.0827,0.0594,0.1361,0.0827,0.6599,skl_DBSCAN,ionosphere_y.zip
0.75,10,euclidean,auto,4,100.0,100,0.0016615390777587,-0.1382,12.2872,1.4977,0.5068,-0.0438,0.036,0.075,0.0779,0.0551,0.1327,0.0779,0.6643,skl_DBSCAN,ionosphere_y.zip
0.75,10,euclidean,auto,4,100.0,20,0.0665197372436523,-0.1323,12.9962,1.5172,0.5054,-0.0451,0.0388,0.0799,0.0827,0.0594,0.1361,0.0827,0.6599,skl_DBSCAN,ionosphere_y.zip
0.75,10,euclidean,auto,4,20.0,20,0.0017464160919189,-0.1528,10.3899,1.4486,0.5109,-0.0393,0.029,0.0624,0.0655,0.0445,0.1239,0.0655,0.6758,skl_DBSCAN,ionosphere_y.zip
0.75,10,euclidean,auto,4,inf,100,0.0929205417633056,-0.1323,12.9962,1.5172,0.5054,-0.0451,0.0388,0.0799,0.0827,0.0594,0.1361,0.0827,0.6599,skl_DBSCAN,ionosphere_y.zip
0.75,10,euclidean,auto,4,inf,20,0.0016930103302001,-0.1323,12.9962,1.5172,0.5054,-0.0451,0.0388,0.0799,0.0827,0.0594,0.1361,0.0827,0.6599,skl_DBSCAN,ionosphere_y.zip
0.75,2,correlation,auto,4,1000.0,100,0.0056493282318115,0.0,0.0,0.0,0.5385,0.0,0.0,0.0,0.0,0.0,1.0,0.0,0.7338,skl_DBSCAN,ionosphere_y.zip
0.75,2,correlation,auto,4,1000.0,20,0.0054707527160644,0.0,0.0,0.0,0.5385,0.0,0.0,0.0,0.0,0.0,1.0,0.0,0.7338,skl_DBSCAN,ionosphere_y.zip
0.75,2,correlation,auto,4,100.0,100,0.0055789947509765,0.0,0.0,0.0,0.5385,0.0,0.0,0.0,0.0,0.0,1.0,0.0,0.7338,skl_DBSCAN,ionosphere_y.zip
0.75,2,correlation,auto,4,100.0,20,0.0051994323730468,0.0,0.0,0.0,0.5385,0.0,0.0,0.0,0.0,0.0,1.0,0.0,0.7338,skl_DBSCAN,ionosphere_y.zip
0.75,2,correlation,auto,4,20.0,20,0.0062847137451171,0.0,0.0,0.0,0.5385,0.0,0.0,0.0,0.0,0.0,1.0,0.0,0.7338,skl_DBSCAN,ionosphere_y.zip
0.75,2,correlation,auto,4,inf,100,0.0168187618255615,0.0,0.0,0.0,0.5385,0.0,0.0,0.0,0.0,0.0,1.0,0.0,0.7338,skl_DBSCAN,ionosphere_y.zip
0.75,2,correlation,auto,4,inf,20,0.0208575725555419,0.0,0.0,0.0,0.5385,0.0,0.0,0.0,0.0,0.0,1.0,0.0,0.7338,skl_DBSCAN,ionosphere_y.zip
0.75,2,cosine,auto,4,1000.0,100,0.0125329494476318,0.0,0.0,0.0,0.5385,0.0,0.0,0.0,0.0,0.0,1.0,0.0,0.7338,skl_DBSCAN,ionosphere_y.zip
0.75,2,cosine,auto,4,1000.0,20,0.0164449214935302,0.0,0.0,0.0,0.5385,0.0,0.0,0.0,0.0,0.0,1.0,0.0,0.7338,skl_DBSCAN,ionosphere_y.zip
0.75,2,cosine,auto,4,100.0,100,0.0221877098083496,0.0,0.0,0.0,0.5385,0.0,0.0,0.0,0.0,0.0,1.0,0.0,0.7338,skl_DBSCAN,ionosphere_y.zip
0.75,2,cosine,auto,4,100.0,20,0.0059866905212402,0.0,0.0,0.0,0.5385,0.0,0.0,0.0,0.0,0.0,1.0,0.0,0.7338,skl_DBSCAN,ionosphere_y.zip
0.75,2,cosine,auto,4,20.0,20,0.0089013576507568,0.0,0.0,0.0,0.5385,0.0,0.0,0.0,0.0,0.0,1.0,0.0,0.7338,skl_DBSCAN,ionosphere_y.zip
0.75,2,cosine,auto,4,inf,100,0.0262215137481689,0.0,0.0,0.0,0.5385,0.0,0.0,0.0,0.0,0.0,1.0,0.0,0.7338,skl_DBSCAN,ionosphere_y.zip
0.75,2,cosine,auto,4,inf,20,0.0080432891845703,0.0,0.0,0.0,0.5385,0.0,0.0,0.0,0.0,0.0,1.0,0.0,0.7338,skl_DBSCAN,ionosphere_y.zip
0.75,2,euclidean,auto,4,1000.0,100,0.0494787693023681,-0.2657,3.2772,1.2272,0.4814,-0.0564,0.1194,0.1121,0.1463,0.1829,0.1219,0.1463,0.5527,skl_DBSCAN,ionosphere_y.zip
0.75,2,euclidean,auto,4,1000.0,20,0.0917716026306152,-0.2657,3.2772,1.2272,0.4814,-0.0564,0.1194,0.1121,0.1463,0.1829,0.1219,0.1463,0.5527,skl_DBSCAN,ionosphere_y.zip
0.75,2,euclidean,auto,4,100.0,100,0.0017588138580322,-0.2953,3.1711,1.4296,0.4809,-0.0566,0.1211,0.1133,0.1471,0.1854,0.1219,0.1471,0.5504,skl_DBSCAN,ionosphere_y.zip
0.75,2,euclidean,auto,4,100.0,20,0.0609216690063476,-0.2657,3.2772,1.2272,0.4814,-0.0564,0.1194,0.1121,0.1463,0.1829,0.1219,0.1463,0.5527,skl_DBSCAN,ionosphere_y.zip
0.75,2,euclidean,auto,4,20.0,20,0.0181648731231689,-0.36,2.2056,1.3723,0.4797,-0.0661,0.1033,0.085,0.1268,0.1582,0.1058,0.1268,0.5667,skl_DBSCAN,ionosphere_y.zip
0.75,2,euclidean,auto,4,inf,100,0.0330030918121337,-0.2657,3.2772,1.2272,0.4814,-0.0564,0.1194,0.1121,0.1463,0.1829,0.1219,0.1463,0.5527,skl_DBSCAN,ionosphere_y.zip
0.75,2,euclidean,auto,4,inf,20,0.085134744644165,-0.2657,3.2772,1.2272,0.4814,-0.0564,0.1194,0.1121,0.1463,0.1829,0.1219,0.1463,0.5527,skl_DBSCAN,ionosphere_y.zip
0.75,5,correlation,auto,4,1000.0,100,0.0053002834320068,0.0,0.0,0.0,0.5385,0.0,0.0,0.0,0.0,0.0,1.0,0.0,0.7338,skl_DBSCAN,ionosphere_y.zip
0.75,5,correlation,auto,4,1000.0,20,0.0058293342590332,0.0,0.0,0.0,0.5385,0.0,0.0,0.0,0.0,0.0,1.0,0.0,0.7338,skl_DBSCAN,ionosphere_y.zip
0.75,5,correlation,auto,4,100.0,100,0.0056710243225097,0.0,0.0,0.0,0.5385,0.0,0.0,0.0,0.0,0.0,1.0,0.0,0.7338,skl_DBSCAN,ionosphere_y.zip
0.75,5,correlation,auto,4,100.0,20,0.0054006576538085,0.0,0.0,0.0,0.5385,0.0,0.0,0.0,0.0,0.0,1.0,0.0,0.7338,skl_DBSCAN,ionosphere_y.zip
0.75,5,correlation,auto,4,20.0,20,0.0100688934326171,0.0,0.0,0.0,0.5385,0.0,0.0,0.0,0.0,0.0,1.0,0.0,0.7338,skl_DBSCAN,ionosphere_y.zip
0.75,5,correlation,auto,4,inf,100,0.0152535438537597,0.0,0.0,0.0,0.5385,0.0,0.0,0.0,0.0,0.0,1.0,0.0,0.7338,skl_DBSCAN,ionosphere_y.zip
0.75,5,correlation,auto,4,inf,20,0.0301620960235595,0.0,0.0,0.0,0.5385,0.0,0.0,0.0,0.0,0.0,1.0,0.0,0.7338,skl_DBSCAN,ionosphere_y.zip
0.75,5,cosine,auto,4,1000.0,100,0.0179650783538818,0.0,0.0,0.0,0.5385,0.0,0.0,0.0,0.0,0.0,1.0,0.0,0.7338,skl_DBSCAN,ionosphere_y.zip
0.75,5,cosine,auto,4,1000.0,20,0.0139558315277099,0.0,0.0,0.0,0.5385,0.0,0.0,0.0,0.0,0.0,1.0,0.0,0.7338,skl_DBSCAN,ionosphere_y.zip
0.75,5,cosine,auto,4,100.0,100,0.0072019100189208,0.0,0.0,0.0,0.5385,0.0,0.0,0.0,0.0,0.0,1.0,0.0,0.7338,skl_DBSCAN,ionosphere_y.zip
0.75,5,cosine,auto,4,100.0,20,0.005847692489624,0.0,0.0,0.0,0.5385,0.0,0.0,0.0,0.0,0.0,1.0,0.0,0.7338,skl_DBSCAN,ionosphere_y.zip
0.75,5,cosine,auto,4,20.0,20,0.0205457210540771,0.0,0.0,0.0,0.5385,0.0,0.0,0.0,0.0,0.0,1.0,0.0,0.7338,skl_DBSCAN,ionosphere_y.zip
0.75,5,cosine,auto,4,inf,100,0.0165266990661621,0.0,0.0,0.0,0.5385,0.0,0.0,0.0,0.0,0.0,1.0,0.0,0.7338,skl_DBSCAN,ionosphere_y.zip
0.75,5,cosine,auto,4,inf,20,0.0300667285919189,0.0,0.0,0.0,0.5385,0.0,0.0,0.0,0.0,0.0,1.0,0.0,0.7338,skl_DBSCAN,ionosphere_y.zip
0.75,5,euclidean,auto,4,1000.0,100,0.0606999397277832,-0.1013,16.6257,1.5976,0.5004,-0.0479,0.0532,0.1037,0.1063,0.0815,0.1526,0.1063,0.6397,skl_DBSCAN,ionosphere_y.zip
0.75,5,euclidean,auto,4,1000.0,20,0.0834522247314453,-0.1013,16.6257,1.5976,0.5004,-0.0479,0.0532,0.1037,0.1063,0.0815,0.1526,0.1063,0.6397,skl_DBSCAN,ionosphere_y.zip
0.75,5,euclidean,auto,4,100.0,100,0.0016884803771972,-0.1088,15.8192,1.593,0.5011,-0.0479,0.0503,0.099,0.1017,0.077,0.1493,0.1017,0.6435,skl_DBSCAN,ionosphere_y.zip
0.75,5,euclidean,auto,4,100.0,20,0.0808191299438476,-0.1013,16.6257,1.5976,0.5004,-0.0479,0.0532,0.1037,0.1063,0.0815,0.1526,0.1063,0.6397,skl_DBSCAN,ionosphere_y.zip
0.75,5,euclidean,auto,4,20.0,20,0.001749038696289,-0.1528,10.3899,1.4486,0.5109,-0.0393,0.029,0.0624,0.0655,0.0445,0.1239,0.0655,0.6758,skl_DBSCAN,ionosphere_y.zip
0.75,5,euclidean,auto,4,inf,100,0.0359020233154296,-0.1013,16.6257,1.5976,0.5004,-0.0479,0.0532,0.1037,0.1063,0.0815,0.1526,0.1063,0.6397,skl_DBSCAN,ionosphere_y.zip
0.75,5,euclidean,auto,4,inf,20,0.0017409324645996,-0.1013,16.6257,1.5976,0.5004,-0.0479,0.0532,0.1037,0.1063,0.0815,0.1526,0.1063,0.6397,skl_DBSCAN,ionosphere_y.zip
1.0,10,correlation,auto,4,1000.0,100,0.0053267478942871,0.0,0.0,0.0,0.5385,0.0,0.0,0.0,0.0,0.0,1.0,0.0,0.7338,skl_DBSCAN,ionosphere_y.zip
1.0,10,correlation,auto,4,1000.0,20,0.0053284168243408,0.0,0.0,0.0,0.5385,0.0,0.0,0.0,0.0,0.0,1.0,0.0,0.7338,skl_DBSCAN,ionosphere_y.zip
1.0,10,correlation,auto,4,100.0,100,0.0057706832885742,0.0,0.0,0.0,0.5385,0.0,0.0,0.0,0.0,0.0,1.0,0.0,0.7338,skl_DBSCAN,ionosphere_y.zip
1.0,10,correlation,auto,4,100.0,20,0.0052790641784667,0.0,0.0,0.0,0.5385,0.0,0.0,0.0,0.0,0.0,1.0,0.0,0.7338,skl_DBSCAN,ionosphere_y.zip
1.0,10,correlation,auto,4,20.0,20,0.0089888572692871,0.0,0.0,0.0,0.5385,0.0,0.0,0.0,0.0,0.0,1.0,0.0,0.7338,skl_DBSCAN,ionosphere_y.zip
1.0,10,correlation,auto,4,inf,100,0.0198872089385986,0.0,0.0,0.0,0.5385,0.0,0.0,0.0,0.0,0.0,1.0,0.0,0.7338,skl_DBSCAN,ionosphere_y.zip
1.0,10,correlation,auto,4,inf,20,0.0236048698425292,0.0,0.0,0.0,0.5385,0.0,0.0,0.0,0.0,0.0,1.0,0.0,0.7338,skl_DBSCAN,ionosphere_y.zip
1.0,10,cosine,auto,4,1000.0,100,0.0123424530029296,0.0,0.0,0.0,0.5385,0.0,0.0,0.0,0.0,0.0,1.0,0.0,0.7338,skl_DBSCAN,ionosphere_y.zip
1.0,10,cosine,auto,4,1000.0,20,0.0121462345123291,0.0,0.0,0.0,0.5385,0.0,0.0,0.0,0.0,0.0,1.0,0.0,0.7338,skl_DBSCAN,ionosphere_y.zip
1.0,10,cosine,auto,4,100.0,100,0.009692907333374,0.0,0.0,0.0,0.5385,0.0,0.0,0.0,0.0,0.0,1.0,0.0,0.7338,skl_DBSCAN,ionosphere_y.zip
1.0,10,cosine,auto,4,100.0,20,0.0173859596252441,0.0,0.0,0.0,0.5385,0.0,0.0,0.0,0.0,0.0,1.0,0.0,0.7338,skl_DBSCAN,ionosphere_y.zip
1.0,10,cosine,auto,4,20.0,20,0.0184528827667236,0.0,0.0,0.0,0.5385,0.0,0.0,0.0,0.0,0.0,1.0,0.0,0.7338,skl_DBSCAN,ionosphere_y.zip
1.0,10,cosine,auto,4,inf,100,0.0170569419860839,0.0,0.0,0.0,0.5385,0.0,0.0,0.0,0.0,0.0,1.0,0.0,0.7338,skl_DBSCAN,ionosphere_y.zip
1.0,10,cosine,auto,4,inf,20,0.0303254127502441,0.0,0.0,0.0,0.5385,0.0,0.0,0.0,0.0,0.0,1.0,0.0,0.7338,skl_DBSCAN,ionosphere_y.zip
1.0,10,euclidean,auto,4,1000.0,100,0.0766410827636718,-0.0619,21.0772,1.6334,0.4986,-0.0438,0.0698,0.1291,0.1315,0.107,0.1706,0.1315,0.6211,skl_DBSCAN,ionosphere_y.zip
1.0,10,euclidean,auto,4,1000.0,20,0.0356302261352539,-0.0619,21.0772,1.6334,0.4986,-0.0438,0.0698,0.1291,0.1315,0.107,0.1706,0.1315,0.6211,skl_DBSCAN,ionosphere_y.zip
1.0,10,euclidean,auto,4,100.0,100,0.0016946792602539,-0.0619,21.0772,1.6334,0.4986,-0.0438,0.0698,0.1291,0.1315,0.107,0.1706,0.1315,0.6211,skl_DBSCAN,ionosphere_y.zip
1.0,10,euclidean,auto,4,100.0,20,0.1119000911712646,-0.0619,21.0772,1.6334,0.4986,-0.0438,0.0698,0.1291,0.1315,0.107,0.1706,0.1315,0.6211,skl_DBSCAN,ionosphere_y.zip
1.0,10,euclidean,auto,4,20.0,20,0.0017917156219482,-0.078,19.246,1.6047,0.4989,-0.0466,0.0622,0.1176,0.1201,0.0953,0.1624,0.1201,0.6291,skl_DBSCAN,ionosphere_y.zip
1.0,10,euclidean,auto,4,inf,100,0.0779395103454589,-0.0619,21.0772,1.6334,0.4986,-0.0438,0.0698,0.1291,0.1315,0.107,0.1706,0.1315,0.6211,skl_DBSCAN,ionosphere_y.zip
1.0,10,euclidean,auto,4,inf,20,0.012946605682373,-0.0619,21.0772,1.6334,0.4986,-0.0438,0.0698,0.1291,0.1315,0.107,0.1706,0.1315,0.6211,skl_DBSCAN,ionosphere_y.zip
1.0,2,correlation,auto,4,1000.0,100,0.0053930282592773,0.0,0.0,0.0,0.5385,0.0,0.0,0.0,0.0,0.0,1.0,0.0,0.7338,skl_DBSCAN,ionosphere_y.zip
1.0,2,correlation,auto,4,1000.0,20,0.0157258510589599,0.0,0.0,0.0,0.5385,0.0,0.0,0.0,0.0,0.0,1.0,0.0,0.7338,skl_DBSCAN,ionosphere_y.zip
1.0,2,correlation,auto,4,100.0,100,0.005983829498291,0.0,0.0,0.0,0.5385,0.0,0.0,0.0,0.0,0.0,1.0,0.0,0.7338,skl_DBSCAN,ionosphere_y.zip
1.0,2,correlation,auto,4,100.0,20,0.005342960357666,0.0,0.0,0.0,0.5385,0.0,0.0,0.0,0.0,0.0,1.0,0.0,0.7338,skl_DBSCAN,ionosphere_y.zip
1.0,2,correlation,auto,4,20.0,20,0.0163578987121582,0.0,0.0,0.0,0.5385,0.0,0.0,0.0,0.0,0.0,1.0,0.0,0.7338,skl_DBSCAN,ionosphere_y.zip
1.0,2,correlation,auto,4,inf,100,0.01216721534729,0.0,0.0,0.0,0.5385,0.0,0.0,0.0,0.0,0.0,1.0,0.0,0.7338,skl_DBSCAN,ionosphere_y.zip
1.0,2,correlation,auto,4,inf,20,0.0056309700012207,0.0,0.0,0.0,0.5385,0.0,0.0,0.0,0.0,0.0,1.0,0.0,0.7338,skl_DBSCAN,ionosphere_y.zip
1.0,2,cosine,auto,4,1000.0,100,0.0163893699645996,0.0,0.0,0.0,0.5385,0.0,0.0,0.0,0.0,0.0,1.0,0.0,0.7338,skl_DBSCAN,ionosphere_y.zip
1.0,2,cosine,auto,4,1000.0,20,0.0163266658782959,0.0,0.0,0.0,0.5385,0.0,0.0,0.0,0.0,0.0,1.0,0.0,0.7338,skl_DBSCAN,ionosphere_y.zip
1.0,2,cosine,auto,4,100.0,100,0.0088589191436767,0.0,0.0,0.0,0.5385,0.0,0.0,0.0,0.0,0.0,1.0,0.0,0.7338,skl_DBSCAN,ionosphere_y.zip
1.0,2,cosine,auto,4,100.0,20,0.0142557621002197,0.0,0.0,0.0,0.5385,0.0,0.0,0.0,0.0,0.0,1.0,0.0,0.7338,skl_DBSCAN,ionosphere_y.zip
1.0,2,cosine,auto,4,20.0,20,0.01513671875,0.0,0.0,0.0,0.5385,0.0,0.0,0.0,0.0,0.0,1.0,0.0,0.7338,skl_DBSCAN,ionosphere_y.zip
1.0,2,cosine,auto,4,inf,100,0.0197360515594482,0.0,0.0,0.0,0.5385,0.0,0.0,0.0,0.0,0.0,1.0,0.0,0.7338,skl_DBSCAN,ionosphere_y.zip
1.0,2,cosine,auto,4,inf,20,0.0336499214172363,0.0,0.0,0.0,0.5385,0.0,0.0,0.0,0.0,0.0,1.0,0.0,0.7338,skl_DBSCAN,ionosphere_y.zip
1.0,2,euclidean,auto,4,1000.0,100,0.0444514751434326,-0.2013,4.75,1.497,0.4843,-0.0282,0.1766,0.1513,0.1788,0.2706,0.1335,0.1788,0.4946,skl_DBSCAN,ionosphere_y.zip
1.0,2,euclidean,auto,4,1000.0,20,0.0725090503692627,-0.2013,4.75,1.497,0.4843,-0.0282,0.1766,0.1513,0.1788,0.2706,0.1335,0.1788,0.4946,skl_DBSCAN,ionosphere_y.zip
1.0,2,euclidean,auto,4,100.0,100,0.0017287731170654,-0.1972,4.7349,1.522,0.4843,-0.0282,0.1771,0.1518,0.1792,0.2713,0.1338,0.1792,0.4945,skl_DBSCAN,ionosphere_y.zip
1.0,2,euclidean,auto,4,100.0,20,0.066831350326538,-0.2013,4.75,1.497,0.4843,-0.0282,0.1766,0.1513,0.1788,0.2706,0.1335,0.1788,0.4946,skl_DBSCAN,ionosphere_y.zip
1.0,2,euclidean,auto,4,20.0,20,0.0018117427825927,-0.2375,3.6963,1.6861,0.482,-0.0362,0.1732,0.1463,0.1781,0.2654,0.134,0.1781,0.5018,skl_DBSCAN,ionosphere_y.zip
1.0,2,euclidean,auto,4,inf,100,0.0873088836669921,-0.2013,4.75,1.497,0.4843,-0.0282,0.1766,0.1513,0.1788,0.2706,0.1335,0.1788,0.4946,skl_DBSCAN,ionosphere_y.zip
1.0,2,euclidean,auto,4,inf,20,0.0017416477203369,-0.2013,4.75,1.497,0.4843,-0.0282,0.1766,0.1513,0.1788,0.2706,0.1335,0.1788,0.4946,skl_DBSCAN,ionosphere_y.zip
1.0,5,correlation,auto,4,1000.0,100,0.0052523612976074,0.0,0.0,0.0,0.5385,0.0,0.0,0.0,0.0,0.0,1.0,0.0,0.7338,skl_DBSCAN,ionosphere_y.zip
1.0,5,correlation,auto,4,1000.0,20,0.0053019523620605,0.0,0.0,0.0,0.5385,0.0,0.0,0.0,0.0,0.0,1.0,0.0,0.7338,skl_DBSCAN,ionosphere_y.zip
1.0,5,correlation,auto,4,100.0,100,0.0055410861968994,0.0,0.0,0.0,0.5385,0.0,0.0,0.0,0.0,0.0,1.0,0.0,0.7338,skl_DBSCAN,ionosphere_y.zip
1.0,5,correlation,auto,4,100.0,20,0.0053503513336181,0.0,0.0,0.0,0.5385,0.0,0.0,0.0,0.0,0.0,1.0,0.0,0.7338,skl_DBSCAN,ionosphere_y.zip
1.0,5,correlation,auto,4,20.0,20,0.0150527954101562,0.0,0.0,0.0,0.5385,0.0,0.0,0.0,0.0,0.0,1.0,0.0,0.7338,skl_DBSCAN,ionosphere_y.zip
1.0,5,correlation,auto,4,inf,100,0.018284797668457,0.0,0.0,0.0,0.5385,0.0,0.0,0.0,0.0,0.0,1.0,0.0,0.7338,skl_DBSCAN,ionosphere_y.zip
1.0,5,correlation,auto,4,inf,20,0.0345935821533203,0.0,0.0,0.0,0.5385,0.0,0.0,0.0,0.0,0.0,1.0,0.0,0.7338,skl_DBSCAN,ionosphere_y.zip
1.0,5,cosine,auto,4,1000.0,100,0.0154023170471191,0.0,0.0,0.0,0.5385,0.0,0.0,0.0,0.0,0.0,1.0,0.0,0.7338,skl_DBSCAN,ionosphere_y.zip
1.0,5,cosine,auto,4,1000.0,20,0.0182733535766601,0.0,0.0,0.0,0.5385,0.0,0.0,0.0,0.0,0.0,1.0,0.0,0.7338,skl_DBSCAN,ionosphere_y.zip
1.0,5,cosine,auto,4,100.0,100,0.0068345069885253,0.0,0.0,0.0,0.5385,0.0,0.0,0.0,0.0,0.0,1.0,0.0,0.7338,skl_DBSCAN,ionosphere_y.zip
1.0,5,cosine,auto,4,100.0,20,0.0171325206756591,0.0,0.0,0.0,0.5385,0.0,0.0,0.0,0.0,0.0,1.0,0.0,0.7338,skl_DBSCAN,ionosphere_y.zip
1.0,5,cosine,auto,4,20.0,20,0.0154929161071777,0.0,0.0,0.0,0.5385,0.0,0.0,0.0,0.0,0.0,1.0,0.0,0.7338,skl_DBSCAN,ionosphere_y.zip
1.0,5,cosine,auto,4,inf,100,0.017918586730957,0.0,0.0,0.0,0.5385,0.0,0.0,0.0,0.0,0.0,1.0,0.0,0.7338,skl_DBSCAN,ionosphere_y.zip
1.0,5,cosine,auto,4,inf,20,0.029374361038208,0.0,0.0,0.0,0.5385,0.0,0.0,0.0,0.0,0.0,1.0,0.0,0.7338,skl_DBSCAN,ionosphere_y.zip
1.0,5,euclidean,auto,4,1000.0,100,0.0601096153259277,-0.1777,10.4723,1.7819,0.4979,-0.0324,0.0936,0.1415,0.1478,0.1433,0.1526,0.1478,0.5909,skl_DBSCAN,ionosphere_y.zip
1.0,5,euclidean,auto,4,1000.0,20,0.0478618144989013,-0.1777,10.4723,1.7819,0.4979,-0.0324,0.0936,0.1415,0.1478,0.1433,0.1526,0.1478,0.5909,skl_DBSCAN,ionosphere_y.zip
1.0,5,euclidean,auto,4,100.0,100,0.0017015933990478,-0.2456,7.9243,2.3252,0.494,-0.0373,0.0996,0.1419,0.1501,0.1525,0.1477,0.1501,0.5804,skl_DBSCAN,ionosphere_y.zip
1.0,5,euclidean,auto,4,100.0,20,0.0824990272521972,-0.1777,10.4723,1.7819,0.4979,-0.0324,0.0936,0.1415,0.1478,0.1433,0.1526,0.1478,0.5909,skl_DBSCAN,ionosphere_y.zip
1.0,5,euclidean,auto,4,20.0,20,0.0017802715301513,-0.1946,9.9869,1.7219,0.4985,-0.0345,0.094,0.1457,0.1522,0.144,0.1614,0.1522,0.5991,skl_DBSCAN,ionosphere_y.zip
1.0,5,euclidean,auto,4,inf,100,0.0771958827972412,-0.1777,10.4723,1.7819,0.4979,-0.0324,0.0936,0.1415,0.1478,0.1433,0.1526,0.1478,0.5909,skl_DBSCAN,ionosphere_y.zip
1.0,5,euclidean,auto,4,inf,20,0.013960838317871,-0.1777,10.4723,1.7819,0.4979,-0.0324,0.0936,0.1415,0.1478,0.1433,0.1526,0.1478,0.5909,skl_DBSCAN,ionosphere_y.zip
